q_id,page,question_no,section,group_label,item_label,portion_text,examples,instruction,response_type,response_options,note
Q001,1,1,Multivitamins,,Do you currently take multivitamins? (Please report other individual vitamins in the next section.),,,,single_choice,No|Yes,
Q002,1,1a,Multivitamins,,How many do you take per week?,,,,single_choice,2 or less|3–5|6–9|10 or more,
Q003,1,1b,Multivitamins,,Is this usually a gummy vitamin?,,,,single_choice,No|Yes,
Q004,1,1c,Multivitamins,,Is the type you most often take labeled for:,,,,single_choice,Men|Women|Both,
Q005,1,1d,Multivitamins,,What specific brand (or equivalency) do you most often take? (Select ONE ONLY),,,,single_choice,Centrum silver or Senior Vit.|Centrum or generic equiv.|One-A-Day or equiv.|One-A-Day Teens or equiv.|Flintstones or Kids Multi equiv.|Prenatal|Eye Health|Whole Foods/Vegetarian/Fruit Bites|Other Multivitamins (with minerals)|Other Multivitamins (without minerals)|Other (write in),
Q006,1,1,Individual vitamins (not counting multivitamins),,Vitamin A,,,,single_choice,"No|Yes, seasonal only|Yes, most months",
Q007,1,1,Individual vitamins (not counting multivitamins),Vitamin A,Vitamin A: Dose per day (if yes),,,,single_choice,"Less than 3,000 mcg|3,000 to 4,500 mcg|4,800 to 6,600 mcg|6,900 mcg or more|Don't know",
Q008,1,1,Individual vitamins (not counting multivitamins),,Potassium,,,,single_choice,No|Yes,
Q009,1,1,Individual vitamins (not counting multivitamins),Potassium,Potassium: Dose per day (if yes),,,,single_choice,Less than 2.5 mEq (100 mg)|3 to 9 mEq|10 to 19 mEq|20 mEq or more|Don't know,
Q010,1,1,Individual vitamins (not counting multivitamins),,Vitamin C,,,,single_choice,"No|Yes, seasonal only|Yes, most months",
Q011,1,1,Individual vitamins (not counting multivitamins),Vitamin C,Vitamin C: Dose per day (if yes),,,,single_choice,Less than 400mg|400 to 700 mg|750 to 1250 mg|1300 mg or more|Don't know,
Q012,1,1,Individual vitamins (not counting multivitamins),,Vitamin B6,,,,single_choice,No|Yes,
Q013,1,1,Individual vitamins (not counting multivitamins),Vitamin B6,Vitamin B6: Dose per day (if yes),,,,single_choice,Less than 50 mg|50 to 99 mg|100 to 149 mg|150 mg or more|Don't know,
Q014,1,1,Individual vitamins (not counting multivitamins),,Vitamin E,,,,single_choice,No|Yes,
Q015,1,1,Individual vitamins (not counting multivitamins),Vitamin E,Vitamin E: Dose per day (if yes),,,,single_choice,Less than 100 mg|100 to 300 mg|301 to 400 mg|401 mg or more|Don't know,
Q016,1,1,Individual vitamins (not counting multivitamins),Vitamin E,Vitamin E: Type (if yes),,,,single_choice,Natural|Regular (dl)|Unknown,
Q017,1,1,Individual vitamins (not counting multivitamins),,Calcium,,,"Include Calcium in Tums, etc.",single_choice,No|Yes,
Q018,1,1,Individual vitamins (not counting multivitamins),Calcium,Calcium: Dose per day (elemental calcium) (if yes),,,,single_choice,Less than 600 mg|600 to 900 mg|901 to 1500 mg|1501 mg or more|Don't know,
Q019,1,1,Individual vitamins (not counting multivitamins),,Vitamin D,,,in calcium supplement or separately,single_choice,"No|Yes, seasonal only|Yes, most months",
Q020,1,1,Individual vitamins (not counting multivitamins),Vitamin D,Vitamin D: Dose per day (if yes),,,,single_choice,< 1000 IU's (< 25 mcg)|1000-1999 IU's (25-49 mcg)|2000-4999 IU's (50-124 mcg)|5000+ IU's (125+ mcg),
Q021,1,1,Individual vitamins (not counting multivitamins),,Zinc,,,,single_choice,No|Yes,
Q022,1,1,Individual vitamins (not counting multivitamins),Zinc,Zinc: Dose per day (if yes),,,,single_choice,Less than 31 mg|31 to 74 mg|75 to 100 mg|101 mg or more|Don't know,
Q023,1,2,Other supplements,,Are there other supplements that you take on a regular basis?,,,,multi_choice,Metamucil/Citrucel|B-Complex|Flax Seed Oil|Beta-carotene|Iron|Vitamin B12|Magnesium|Niacin|Folic Acid|Fish Oil|Lycopene|Glucosamine/Chondroitin|Coenzyme Q10|Cod Liver Oil|Selenium|Probiotics|Biotin|Turmeric/Curcumin|Other (write in),
Q024,1,3,Added sugar,,How many teaspoons of sugar do you add to your beverages or food each day?,,,,single_choice,Zero|1 tsp.|2 tsp.|3 tsp.|4 tsp.|5 tsp.|6 tsp.|7 tsp.|8 tsp.|9 tsp.|10 tsp.|More than 10 (write number),
Q025,1,4,Cold breakfast cereal,,What brand and type of cold breakfast cereal do you most often eat?,,,,text,"Specify cereal brand & type (e.g., Kellogg's Raisin Bran)|Don't eat cold breakfast cereal",
Q026,1,4,Cold breakfast cereal,,Cereal brand code (coded bubbles in left margin),,,,single_choice,CF|CH|FM|GR|HB|K|RB|SW,coded bubbles in the left margin next to the Dairy Foods section
Q027,1,5,Dairy Foods,,Dairy Foods section passthru (P),,,,passthru,P,
Q028,1,5,Dairy Foods,Milk (8 oz. glass),Skim milk,8 oz. glass,,,frequency,"Never, or less than once per month|1–3 per month|1 per week|2–4 per week|5–6 per week|1 per day|2–3 per day|4–5 per day|6+ per day",
Q029,1,5,Dairy Foods,Milk (8 oz. glass),1 or 2 % milk,8 oz. glass,,,frequency,"Never, or less than once per month|1–3 per month|1 per week|2–4 per week|5–6 per week|1 per day|2–3 per day|4–5 per day|6+ per day",
Q030,1,5,Dairy Foods,Milk (8 oz. glass),Whole milk,8 oz. glass,,,frequency,"Never, or less than once per month|1–3 per month|1 per week|2–4 per week|5–6 per week|1 per day|2–3 per day|4–5 per day|6+ per day",
Q031,1,5,Dairy Foods,Milk (8 oz. glass),Almond milk,8 oz. glass,,,frequency,"Never, or less than once per month|1–3 per month|1 per week|2–4 per week|5–6 per week|1 per day|2–3 per day|4–5 per day|6+ per day",
Q032,1,5,Dairy Foods,Milk (8 oz. glass),Soy milk,8 oz. glass,,,frequency,"Never, or less than once per month|1–3 per month|1 per week|2–4 per week|5–6 per week|1 per day|2–3 per day|4–5 per day|6+ per day",
Q033,1,5,Dairy Foods,Milk (8 oz. glass),Other plant-based milk,8 oz. glass,,,frequency,"Never, or less than once per month|1–3 per month|1 per week|2–4 per week|5–6 per week|1 per day|2–3 per day|4–5 per day|6+ per day",
Q034,1,5,Dairy Foods,,"Cream, e.g., coffee, sour (exclude fat free) (1 Tbs)",1 Tbs,"coffee, sour",exclude fat free,frequency,"Never, or less than once per month|1–3 per month|1 per week|2–4 per week|5–6 per week|1 per day|2–3 per day|4–5 per day|6+ per day",
Q035,1,5,Dairy Foods,,Non-dairy coffee whitener (exclude fat free) (1 Tbs),1 Tbs,,exclude fat free,frequency,"Never, or less than once per month|1–3 per month|1 per week|2–4 per week|5–6 per week|1 per day|2–3 per day|4–5 per day|6+ per day",
Q036,1,5,Dairy Foods,,"Frozen yogurt, sherbet, or low-fat ice cream (1 cup)",1 cup,,,frequency,"Never, or less than once per month|1–3 per month|1 per week|2–4 per week|5–6 per week|1 per day|2–3 per day|4–5 per day|6+ per day",
Q037,1,5,Dairy Foods,,Regular ice cream (1 cup),1 cup,,,frequency,"Never, or less than once per month|1–3 per month|1 per week|2–4 per week|5–6 per week|1 per day|2–3 per day|4–5 per day|6+ per day",
Q038,1,5,Dairy Foods,Spreads added to food or bread; exclude use in cooking,Pure butter or ghee,,,exclude use in cooking,frequency,"Never, or less than once per month|1–3 per month|1 per week|2–4 per week|5–6 per week|1 per day|2–3 per day|4–5 per day|6+ per day",no portion printed
Q039,1,5,Dairy Foods,Spreads added to food or bread; exclude use in cooking,Margarine,,,exclude use in cooking,frequency,"Never, or less than once per month|1–3 per month|1 per week|2–4 per week|5–6 per week|1 per day|2–3 per day|4–5 per day|6+ per day",no portion printed
Q040,1,5,Dairy Foods,Spreads added to food or bread; exclude use in cooking,"Butter with added oil (e.g., Land O Lakes Butter with Canola Oil)",,Land O Lakes Butter with Canola Oil,exclude use in cooking,frequency,"Never, or less than once per month|1–3 per month|1 per week|2–4 per week|5–6 per week|1 per day|2–3 per day|4–5 per day|6+ per day",no portion printed
Q041,1,5,Dairy Foods,Yogurt (4–6 oz.) Include drinkable,Plain,4–6 oz.,,include drinkable,frequency,"Never, or less than once per month|1–3 per month|1 per week|2–4 per week|5–6 per week|1 per day|2–3 per day|4–5 per day|6+ per day",
Q042,1,5,Dairy Foods,Yogurt (4–6 oz.) Include drinkable,"Artificially sweetened (e.g., light peach)",4–6 oz.,light peach,include drinkable,frequency,"Never, or less than once per month|1–3 per month|1 per week|2–4 per week|5–6 per week|1 per day|2–3 per day|4–5 per day|6+ per day",
Q043,1,5,Dairy Foods,Yogurt (4–6 oz.) Include drinkable,"Sweetened (e.g., strawberry, vanilla)",4–6 oz.,"strawberry, vanilla",include drinkable,frequency,"Never, or less than once per month|1–3 per month|1 per week|2–4 per week|5–6 per week|1 per day|2–3 per day|4–5 per day|6+ per day",
Q044,1,5,Dairy Foods,,What type of yogurt do you most often eat? (Mark all that apply.),,,,multi_choice,Greek|Regular|Full Fat|Reduced Fat,
Q045,1,5,Dairy Foods,,Cottage or ricotta cheese (1/2 cup),1/2 cup,,,frequency,"Never, or less than once per month|1–3 per month|1 per week|2–4 per week|5–6 per week|1 per day|2–3 per day|4–5 per day|6+ per day",
Q046,1,5,Dairy Foods,,Cream cheese (1 oz.),1 oz.,,,frequency,"Never, or less than once per month|1–3 per month|1 per week|2–4 per week|5–6 per week|1 per day|2–3 per day|4–5 per day|6+ per day",
Q047,1,5,Dairy Foods,,"Other cheese, e.g., American, cheddar, etc., plain or as part of a dish (1 slice or 1 oz. serving)",1 slice or 1 oz. serving,"American, cheddar, etc.",plain or as part of a dish,frequency,"Never, or less than once per month|1–3 per month|1 per week|2–4 per week|5–6 per week|1 per day|2–3 per day|4–5 per day|6+ per day",
Q048,1,5,Dairy Foods,,What type of cheese do you most often eat?,,,,single_choice,Regular|Low-fat or Lite|Fat Free|None,
Q049,2,5,Fruits,,Fruits section passthru (P),,,,passthru,P,
Q050,2,5,Fruits,,Raisins (1 oz. or small pack) or grapes (1/2 cup),raisins 1 oz. or small pack; grapes 1/2 cup,,,frequency,"Never, or less than once per month|1–3 per month|1 per week|2–4 per week|5–6 per week|1 per day|2–3 per day|4–5 per day|6+ per day",
Q051,2,5,Fruits,,Prunes or dried plums (1/2 cup canned or 1/4 cup dried),1/2 cup canned or 1/4 cup dried,,,frequency,"Never, or less than once per month|1–3 per month|1 per week|2–4 per week|5–6 per week|1 per day|2–3 per day|4–5 per day|6+ per day",
Q052,2,5,Fruits,,Bananas (1) or plantain (1/2),bananas 1; plantain 1/2,,,frequency,"Never, or less than once per month|1–3 per month|1 per week|2–4 per week|5–6 per week|1 per day|2–3 per day|4–5 per day|6+ per day",
Q053,2,5,Fruits,,Cantaloupe (1/4 melon),1/4 melon,,,frequency,"Never, or less than once per month|1–3 per month|1 per week|2–4 per week|5–6 per week|1 per day|2–3 per day|4–5 per day|6+ per day",
Q054,2,5,Fruits,,Avocado (1/2 fruit or 1/2 cup),1/2 fruit or 1/2 cup,,,frequency,"Never, or less than once per month|1–3 per month|1 per week|2–4 per week|5–6 per week|1 per day|2–3 per day|4–5 per day|6+ per day",
Q055,2,5,Fruits,,Fresh apples or pears (1),1,,,frequency,"Never, or less than once per month|1–3 per month|1 per week|2–4 per week|5–6 per week|1 per day|2–3 per day|4–5 per day|6+ per day",
Q056,2,5,Fruits,,Apple juice or cider (small glass),small glass,,,frequency,"Never, or less than once per month|1–3 per month|1 per week|2–4 per week|5–6 per week|1 per day|2–3 per day|4–5 per day|6+ per day",
Q057,2,5,Fruits,,"Tangerines, clementines, mandarin oranges (1)",1,,,frequency,"Never, or less than once per month|1–3 per month|1 per week|2–4 per week|5–6 per week|1 per day|2–3 per day|4–5 per day|6+ per day",
Q058,2,5,Fruits,,Oranges (1),1,,,frequency,"Never, or less than once per month|1–3 per month|1 per week|2–4 per week|5–6 per week|1 per day|2–3 per day|4–5 per day|6+ per day",
Q059,2,5,Fruits,Orange juice (small glass),Calcium or Vit. D fortified,small glass,,,frequency,"Never, or less than once per month|1–3 per month|1 per week|2–4 per week|5–6 per week|1 per day|2–3 per day|4–5 per day|6+ per day",
Q060,2,5,Fruits,Orange juice (small glass),Regular (not calcium fortified),small glass,,,frequency,"Never, or less than once per month|1–3 per month|1 per week|2–4 per week|5–6 per week|1 per day|2–3 per day|4–5 per day|6+ per day",
Q061,2,5,Fruits,,Grapefruit (1/2) or grapefruit juice (small glass),grapefruit 1/2; juice small glass,,,frequency,"Never, or less than once per month|1–3 per month|1 per week|2–4 per week|5–6 per week|1 per day|2–3 per day|4–5 per day|6+ per day",
Q062,2,5,Fruits,,"Other fruit juices (e.g., cranberry, grape) (small glass)",small glass,"cranberry, grape",,frequency,"Never, or less than once per month|1–3 per month|1 per week|2–4 per week|5–6 per week|1 per day|2–3 per day|4–5 per day|6+ per day",
Q063,2,5,Fruits,,"Strawberries, fresh, frozen or canned (1/2 cup)",1/2 cup,,,frequency,"Never, or less than once per month|1–3 per month|1 per week|2–4 per week|5–6 per week|1 per day|2–3 per day|4–5 per day|6+ per day",
Q064,2,5,Fruits,,"Blueberries, fresh, frozen or canned (1/2 cup)",1/2 cup,,,frequency,"Never, or less than once per month|1–3 per month|1 per week|2–4 per week|5–6 per week|1 per day|2–3 per day|4–5 per day|6+ per day",
Q065,2,5,Fruits,,Peaches or plums (1 fresh or 1/2 cup canned),1 fresh or 1/2 cup canned,,,frequency,"Never, or less than once per month|1–3 per month|1 per week|2–4 per week|5–6 per week|1 per day|2–3 per day|4–5 per day|6+ per day",
Q066,2,5,Fruits,,"Apricots (1 fresh, 1/2 cup canned or 5 dried)","1 fresh, 1/2 cup canned or 5 dried",,,frequency,"Never, or less than once per month|1–3 per month|1 per week|2–4 per week|5–6 per week|1 per day|2–3 per day|4–5 per day|6+ per day",
Q067,2,5,Vegetables,,Vegetables section passthru (P),,,,passthru,P,
Q068,2,5,Vegetables,,Tomatoes (2 slices),2 slices,,,frequency,"Never, or less than once per month|1–3 per month|1 per week|2–4 per week|5–6 per week|1 per day|2–3 per day|4–5 per day|6+ per day",
Q069,2,5,Vegetables,,Tomato juice or V-8 juice (small glass),small glass,,,frequency,"Never, or less than once per month|1–3 per month|1 per week|2–4 per week|5–6 per week|1 per day|2–3 per day|4–5 per day|6+ per day",
Q070,2,5,Vegetables,,"Tomato sauce (1/2 cup) e.g., spaghetti sauce",1/2 cup,spaghetti sauce,,frequency,"Never, or less than once per month|1–3 per month|1 per week|2–4 per week|5–6 per week|1 per day|2–3 per day|4–5 per day|6+ per day",
Q071,2,5,Vegetables,,"Salsa, picante or taco sauce (1/4 cup)",1/4 cup,,,frequency,"Never, or less than once per month|1–3 per month|1 per week|2–4 per week|5–6 per week|1 per day|2–3 per day|4–5 per day|6+ per day",
Q072,2,5,Vegetables,,String beans (1/2 cup),1/2 cup,,,frequency,"Never, or less than once per month|1–3 per month|1 per week|2–4 per week|5–6 per week|1 per day|2–3 per day|4–5 per day|6+ per day",
Q073,2,5,Vegetables,,"Hummus (1/4 cup), garbanzo or chickpeas (1/2 cup)",hummus 1/4 cup; garbanzo/chickpeas 1/2 cup,,,frequency,"Never, or less than once per month|1–3 per month|1 per week|2–4 per week|5–6 per week|1 per day|2–3 per day|4–5 per day|6+ per day",
Q074,2,5,Vegetables,,"Beans or lentils, baked, dried (1/2 cup) or soup",1/2 cup or soup,,,frequency,"Never, or less than once per month|1–3 per month|1 per week|2–4 per week|5–6 per week|1 per day|2–3 per day|4–5 per day|6+ per day",
Q075,2,5,Vegetables,,"Soy burger, tofu, miso or other soy protein",,,,frequency,"Never, or less than once per month|1–3 per month|1 per week|2–4 per week|5–6 per week|1 per day|2–3 per day|4–5 per day|6+ per day",no portion printed
Q076,2,5,Vegetables,,"Other plant-based burger, e.g., Beyond Meat, Lightlife (1 patty)",1 patty,"Beyond Meat, Lightlife",,frequency,"Never, or less than once per month|1–3 per month|1 per week|2–4 per week|5–6 per week|1 per day|2–3 per day|4–5 per day|6+ per day",
Q077,2,5,Vegetables,,"Peas or lima beans (1/2 cup fresh, frz., canned) or soup","1/2 cup fresh, frz., canned or soup",,,frequency,"Never, or less than once per month|1–3 per month|1 per week|2–4 per week|5–6 per week|1 per day|2–3 per day|4–5 per day|6+ per day",
Q078,2,5,Vegetables,,Broccoli (1/2 cup),1/2 cup,,,frequency,"Never, or less than once per month|1–3 per month|1 per week|2–4 per week|5–6 per week|1 per day|2–3 per day|4–5 per day|6+ per day",
Q079,2,5,Vegetables,,Cauliflower (1/2 cup),1/2 cup,,,frequency,"Never, or less than once per month|1–3 per month|1 per week|2–4 per week|5–6 per week|1 per day|2–3 per day|4–5 per day|6+ per day",
Q080,2,5,Vegetables,,Cabbage or coleslaw (1/2 cup),1/2 cup,,,frequency,"Never, or less than once per month|1–3 per month|1 per week|2–4 per week|5–6 per week|1 per day|2–3 per day|4–5 per day|6+ per day",
Q081,2,5,Vegetables,,Brussels sprouts (1/2 cup),1/2 cup,,,frequency,"Never, or less than once per month|1–3 per month|1 per week|2–4 per week|5–6 per week|1 per day|2–3 per day|4–5 per day|6+ per day",
Q082,2,5,Vegetables,,"Carrots, raw (1/2 carrot or 2–4 sticks)",1/2 carrot or 2–4 sticks,,,frequency,"Never, or less than once per month|1–3 per month|1 per week|2–4 per week|5–6 per week|1 per day|2–3 per day|4–5 per day|6+ per day",
Q083,2,5,Vegetables,,"Carrots, cooked (1/2 cup) or carrot juice (2–3 oz.)",carrots 1/2 cup; juice 2–3 oz.,,,frequency,"Never, or less than once per month|1–3 per month|1 per week|2–4 per week|5–6 per week|1 per day|2–3 per day|4–5 per day|6+ per day",
Q084,2,5,Vegetables,,Corn (1 ear or 1/2 cup frozen or canned),1 ear or 1/2 cup frozen or canned,,,frequency,"Never, or less than once per month|1–3 per month|1 per week|2–4 per week|5–6 per week|1 per day|2–3 per day|4–5 per day|6+ per day",
Q085,2,5,Vegetables,,Mixed or stir fry vegetables (1/2 cup) or soup,1/2 cup or soup,,,frequency,"Never, or less than once per month|1–3 per month|1 per week|2–4 per week|5–6 per week|1 per day|2–3 per day|4–5 per day|6+ per day",
Q086,2,5,Vegetables,,"Yams or sweet potatoes, include sweet potato fries, (1/2 cup)",1/2 cup,,include sweet potato fries,frequency,"Never, or less than once per month|1–3 per month|1 per week|2–4 per week|5–6 per week|1 per day|2–3 per day|4–5 per day|6+ per day",
Q087,2,5,Vegetables,,Dark orange (winter) squash (1/2 cup),1/2 cup,,,frequency,"Never, or less than once per month|1–3 per month|1 per week|2–4 per week|5–6 per week|1 per day|2–3 per day|4–5 per day|6+ per day",
Q088,2,5,Vegetables,,"Eggplant, zucchini or other summer squash (1/2 cup)",1/2 cup,,,frequency,"Never, or less than once per month|1–3 per month|1 per week|2–4 per week|5–6 per week|1 per day|2–3 per day|4–5 per day|6+ per day",
Q089,2,5,Vegetables,,"Kale, arugula or mustard greens (1/2 cup)",1/2 cup,,,frequency,"Never, or less than once per month|1–3 per month|1 per week|2–4 per week|5–6 per week|1 per day|2–3 per day|4–5 per day|6+ per day",
Q090,2,5,Vegetables,,"Spinach, cooked (1/2 cup)",1/2 cup,,,frequency,"Never, or less than once per month|1–3 per month|1 per week|2–4 per week|5–6 per week|1 per day|2–3 per day|4–5 per day|6+ per day",
Q091,2,5,Vegetables,,"Spinach, raw as in salad (1 cup)",1 cup,,,frequency,"Never, or less than once per month|1–3 per month|1 per week|2–4 per week|5–6 per week|1 per day|2–3 per day|4–5 per day|6+ per day",
Q092,2,5,Vegetables,,Iceberg or head lettuce (1 serving),1 serving,,,frequency,"Never, or less than once per month|1–3 per month|1 per week|2–4 per week|5–6 per week|1 per day|2–3 per day|4–5 per day|6+ per day",
Q093,2,5,Vegetables,,Romaine or leaf lettuce (1 serving),1 serving,,,frequency,"Never, or less than once per month|1–3 per month|1 per week|2–4 per week|5–6 per week|1 per day|2–3 per day|4–5 per day|6+ per day",
Q094,2,5,Vegetables,,"Peppers: green, yellow or red (2 rings or 1/4 small)",2 rings or 1/4 small,,,frequency,"Never, or less than once per month|1–3 per month|1 per week|2–4 per week|5–6 per week|1 per day|2–3 per day|4–5 per day|6+ per day",
Q095,2,5,Vegetables,,Onions as a garnish or in salad (1 slice),1 slice,,,frequency,"Never, or less than once per month|1–3 per month|1 per week|2–4 per week|5–6 per week|1 per day|2–3 per day|4–5 per day|6+ per day",
Q096,2,5,Vegetables,,Onions as a cooked vegetable or rings (1/2 cup) or soup,1/2 cup or soup,,,frequency,"Never, or less than once per month|1–3 per month|1 per week|2–4 per week|5–6 per week|1 per day|2–3 per day|4–5 per day|6+ per day",
Q097,2,5,"Eggs, Meat, etc.",,"Eggs, Meat, etc. section passthru (P)",,,,passthru,P,
Q098,2,5,"Eggs, Meat, etc.",Eggs (1),Omega-3 fortified including yolk,1,,,frequency,"Never, or less than once per month|1–3 per month|1 per week|2–4 per week|5–6 per week|1 per day|2–3 per day|4–5 per day|6+ per day",
Q099,2,5,"Eggs, Meat, etc.",Eggs (1),Regular eggs including yolk,1,,,frequency,"Never, or less than once per month|1–3 per month|1 per week|2–4 per week|5–6 per week|1 per day|2–3 per day|4–5 per day|6+ per day",
Q100,2,5,"Eggs, Meat, etc.",,Beef hot dogs (1),1,,,frequency,"Never, or less than once per month|1–3 per month|1 per week|2–4 per week|5–6 per week|1 per day|2–3 per day|4–5 per day|6+ per day",
Q101,2,5,"Eggs, Meat, etc.",,"Chicken or turkey hot dogs, sausage (1) or bacon (2 slices)",hot dog/sausage 1; bacon 2 slices,,,frequency,"Never, or less than once per month|1–3 per month|1 per week|2–4 per week|5–6 per week|1 per day|2–3 per day|4–5 per day|6+ per day",
Q102,2,5,"Eggs, Meat, etc.",,Chicken/turkey sandwich or frozen dinner,,,,frequency,"Never, or less than once per month|1–3 per month|1 per week|2–4 per week|5–6 per week|1 per day|2–3 per day|4–5 per day|6+ per day",no portion printed
Q103,2,5,"Eggs, Meat, etc.",,"Other chicken or turkey, with skin (3 oz.) – including ground",3 oz.,,including ground,frequency,"Never, or less than once per month|1–3 per month|1 per week|2–4 per week|5–6 per week|1 per day|2–3 per day|4–5 per day|6+ per day",
Q104,2,5,"Eggs, Meat, etc.",,"Other chicken or turkey, without skin (3 oz.)",3 oz.,,,frequency,"Never, or less than once per month|1–3 per month|1 per week|2–4 per week|5–6 per week|1 per day|2–3 per day|4–5 per day|6+ per day",
Q105,2,5,"Eggs, Meat, etc.",,Bacon (exclude turkey bacon) (2 slices),2 slices,,exclude turkey bacon,frequency,"Never, or less than once per month|1–3 per month|1 per week|2–4 per week|5–6 per week|1 per day|2–3 per day|4–5 per day|6+ per day",
Q106,3,5,"Meat, Fish",,"Meat, Fish section passthru (P)",,,,passthru,P,
Q107,3,5,"Meat, Fish",,"Salami, bologna, or other processed meat sandwiches",,,,frequency,"Never, or less than once per month|1–3 per month|1 per week|2–4 per week|5–6 per week|1 per day|2–3 per day|4–5 per day|6+ per day",no portion printed
Q108,3,5,"Meat, Fish",,Sausage or kielbasa (pork or beef) etc. (2 oz. or 2 links),2 oz. or 2 links,,,frequency,"Never, or less than once per month|1–3 per month|1 per week|2–4 per week|5–6 per week|1 per day|2–3 per day|4–5 per day|6+ per day",
Q109,3,5,"Meat, Fish",Hamburger (1 patty),Lean or extra lean,1 patty,,,frequency,"Never, or less than once per month|1–3 per month|1 per week|2–4 per week|5–6 per week|1 per day|2–3 per day|4–5 per day|6+ per day",
Q110,3,5,"Meat, Fish",Hamburger (1 patty),Regular,1 patty,,,frequency,"Never, or less than once per month|1–3 per month|1 per week|2–4 per week|5–6 per week|1 per day|2–3 per day|4–5 per day|6+ per day",
Q111,3,5,"Meat, Fish",,"Beef, pork, or lamb as a sandwich or mixed dish, e.g., stew, casserole, lasagna, frozen dinners, etc.",,"stew, casserole, lasagna, frozen dinners",,frequency,"Never, or less than once per month|1–3 per month|1 per week|2–4 per week|5–6 per week|1 per day|2–3 per day|4–5 per day|6+ per day",no portion printed
Q112,3,5,"Meat, Fish",,"Pork as a main dish, e.g., ham or chops (4–6 oz.)",4–6 oz.,ham or chops,,frequency,"Never, or less than once per month|1–3 per month|1 per week|2–4 per week|5–6 per week|1 per day|2–3 per day|4–5 per day|6+ per day",
Q113,3,5,"Meat, Fish",,"Beef or lamb as a main dish, e.g., steak, roast (4–6 oz.)",4–6 oz.,"steak, roast",,frequency,"Never, or less than once per month|1–3 per month|1 per week|2–4 per week|5–6 per week|1 per day|2–3 per day|4–5 per day|6+ per day",
Q114,3,5,"Meat, Fish",,Canned tuna fish (3–4 oz.),3–4 oz.,,,frequency,"Never, or less than once per month|1–3 per month|1 per week|2–4 per week|5–6 per week|1 per day|2–3 per day|4–5 per day|6+ per day",
Q115,3,5,"Meat, Fish",,"Breaded fish, pieces or sticks (1 serving, store bought)",1 serving,,store bought,frequency,"Never, or less than once per month|1–3 per month|1 per week|2–4 per week|5–6 per week|1 per day|2–3 per day|4–5 per day|6+ per day",
Q116,3,5,"Meat, Fish",,"Shellfish, e.g., shrimp, crab, scallops, clams as main dish",,"shrimp, crab, scallops, clams",as main dish,frequency,"Never, or less than once per month|1–3 per month|1 per week|2–4 per week|5–6 per week|1 per day|2–3 per day|4–5 per day|6+ per day",no portion printed
Q117,3,5,"Meat, Fish",,"Dark meat fish, e.g., tuna steak, mackerel, salmon, sardines, bluefish, swordfish (3–5 oz.)",3–5 oz.,"tuna steak, mackerel, salmon, sardines, bluefish, swordfish",,frequency,"Never, or less than once per month|1–3 per month|1 per week|2–4 per week|5–6 per week|1 per day|2–3 per day|4–5 per day|6+ per day",
Q118,3,5,"Meat, Fish",,"Other fish, e.g., cod, haddock, halibut (3–5 oz.)",3–5 oz.,"cod, haddock, halibut",,frequency,"Never, or less than once per month|1–3 per month|1 per week|2–4 per week|5–6 per week|1 per day|2–3 per day|4–5 per day|6+ per day",
Q119,3,5,"Breads, Cereals, Starches",,"Breads, Cereals, Starches section passthru (P)",,,,passthru,P,
Q120,3,5,"Breads, Cereals, Starches",,Cold breakfast cereal (1 serving),1 serving,,,frequency,"Never, or less than once per month|1–3 per month|1 per week|2–4 per week|5–6 per week|1 per day|2–3 per day|4–5 per day|6+ per day",
Q121,3,5,"Breads, Cereals, Starches",,Cooked oatmeal/cooked oat bran (including instant) (1 cup),1 cup,,including instant,frequency,"Never, or less than once per month|1–3 per month|1 per week|2–4 per week|5–6 per week|1 per day|2–3 per day|4–5 per day|6+ per day",
Q122,3,5,"Breads, Cereals, Starches",,"Other cooked breakfast cereal, including grits (1 cup)",1 cup,,including grits,frequency,"Never, or less than once per month|1–3 per month|1 per week|2–4 per week|5–6 per week|1 per day|2–3 per day|4–5 per day|6+ per day",
Q123,3,5,"Breads, Cereals, Starches",Bread or Pita (1 slice),"White, wheat, oatmeal (not whole grain)",1 slice,,not whole grain,frequency,"Never, or less than once per month|1–3 per month|1 per week|2–4 per week|5–6 per week|1 per day|2–3 per day|4–5 per day|6+ per day",
Q124,3,5,"Breads, Cereals, Starches",Bread or Pita (1 slice),Rye/Pumpernickel,1 slice,,,frequency,"Never, or less than once per month|1–3 per month|1 per week|2–4 per week|5–6 per week|1 per day|2–3 per day|4–5 per day|6+ per day",
Q125,3,5,"Breads, Cereals, Starches",Bread or Pita (1 slice),"Whole wheat, whole grain oat, whole multigrain",1 slice,,,frequency,"Never, or less than once per month|1–3 per month|1 per week|2–4 per week|5–6 per week|1 per day|2–3 per day|4–5 per day|6+ per day",
Q126,3,5,"Breads, Cereals, Starches",Crackers (6),Whole grain/whole wheat,6,,,frequency,"Never, or less than once per month|1–3 per month|1 per week|2–4 per week|5–6 per week|1 per day|2–3 per day|4–5 per day|6+ per day",
Q127,3,5,"Breads, Cereals, Starches",Crackers (6),Other crackers,6,,,frequency,"Never, or less than once per month|1–3 per month|1 per week|2–4 per week|5–6 per week|1 per day|2–3 per day|4–5 per day|6+ per day",
Q128,3,5,"Breads, Cereals, Starches",,"Bagels, English muffins, or rolls (1)",1,,,frequency,"Never, or less than once per month|1–3 per month|1 per week|2–4 per week|5–6 per week|1 per day|2–3 per day|4–5 per day|6+ per day",
Q129,3,5,"Breads, Cereals, Starches",,Muffins or biscuits (1),1,,,frequency,"Never, or less than once per month|1–3 per month|1 per week|2–4 per week|5–6 per week|1 per day|2–3 per day|4–5 per day|6+ per day",
Q130,3,5,"Breads, Cereals, Starches",,Pancakes or waffles (2 small pieces),2 small pieces,,,frequency,"Never, or less than once per month|1–3 per month|1 per week|2–4 per week|5–6 per week|1 per day|2–3 per day|4–5 per day|6+ per day",
Q131,3,5,"Breads, Cereals, Starches",,Brown rice (1 cup),1 cup,,,frequency,"Never, or less than once per month|1–3 per month|1 per week|2–4 per week|5–6 per week|1 per day|2–3 per day|4–5 per day|6+ per day",
Q132,3,5,"Breads, Cereals, Starches",,White rice (1 cup),1 cup,,,frequency,"Never, or less than once per month|1–3 per month|1 per week|2–4 per week|5–6 per week|1 per day|2–3 per day|4–5 per day|6+ per day",
Q133,3,5,"Breads, Cereals, Starches",,"Whole grain pasta, e.g., spaghetti, macaroni (1 cup)",1 cup,"spaghetti, macaroni",,frequency,"Never, or less than once per month|1–3 per month|1 per week|2–4 per week|5–6 per week|1 per day|2–3 per day|4–5 per day|6+ per day",
Q134,3,5,"Breads, Cereals, Starches",,"Other pasta (not whole grain), e.g., spaghetti, noodles, macaroni, etc. (1 cup)",1 cup,"spaghetti, noodles, macaroni",not whole grain,frequency,"Never, or less than once per month|1–3 per month|1 per week|2–4 per week|5–6 per week|1 per day|2–3 per day|4–5 per day|6+ per day",
Q135,3,5,"Breads, Cereals, Starches",,"Other whole grains, e.g., quinoa, barley, spelt, etc. (1 cup)",1 cup,"quinoa, barley, spelt",,frequency,"Never, or less than once per month|1–3 per month|1 per week|2–4 per week|5–6 per week|1 per day|2–3 per day|4–5 per day|6+ per day",
Q136,3,5,"Breads, Cereals, Starches",,"Tortillas: corn or flour, e.g., burritos, quesadillas etc. (2)",2,"burritos, quesadillas",,frequency,"Never, or less than once per month|1–3 per month|1 per week|2–4 per week|5–6 per week|1 per day|2–3 per day|4–5 per day|6+ per day",
Q137,3,5,"Breads, Cereals, Starches",,"French Fries, exclude sweet potato fries (6 oz. or 1 serving)",6 oz. or 1 serving,,exclude sweet potato fries,frequency,"Never, or less than once per month|1–3 per month|1 per week|2–4 per week|5–6 per week|1 per day|2–3 per day|4–5 per day|6+ per day",
Q138,3,5,"Breads, Cereals, Starches",,"Potatoes, baked, boiled (1) or mashed (1 cup)",baked/boiled 1; mashed 1 cup,,,frequency,"Never, or less than once per month|1–3 per month|1 per week|2–4 per week|5–6 per week|1 per day|2–3 per day|4–5 per day|6+ per day",
Q139,3,5,"Breads, Cereals, Starches",,Potato chips or corn/tortilla chips (small bag or 1 oz.),small bag or 1 oz.,,,frequency,"Never, or less than once per month|1–3 per month|1 per week|2–4 per week|5–6 per week|1 per day|2–3 per day|4–5 per day|6+ per day",
Q140,3,5,"Breads, Cereals, Starches",,Pizza (2 slices),2 slices,,,frequency,"Never, or less than once per month|1–3 per month|1 per week|2–4 per week|5–6 per week|1 per day|2–3 per day|4–5 per day|6+ per day",
Q141,3,5,Beverages,,Beverages section passthru (P),,,,passthru,P,
Q142,3,5,Beverages,Carbonated beverages – Low-Calorie (sugar-free) types,"Low-calorie beverage with caffeine, e.g., Diet Coke","1 glass, bottle or can",Diet Coke,"Consider the serving size as 1 glass, bottle or can for these carbonated beverages",frequency,"Never, or less than once per month|1–3 per month|1 per week|2–4 per week|5–6 per week|1 per day|2–3 per day|4–5 per day|6+ per day",
Q143,3,5,Beverages,Carbonated beverages – Low-Calorie (sugar-free) types,"Other low-cal bev. without caffeine, e.g., Diet 7-Up","1 glass, bottle or can",Diet 7-Up,"Consider the serving size as 1 glass, bottle or can for these carbonated beverages",frequency,"Never, or less than once per month|1–3 per month|1 per week|2–4 per week|5–6 per week|1 per day|2–3 per day|4–5 per day|6+ per day",
Q144,3,5,Beverages,Carbonated beverages – Regular types (not sugar-free),"Carbonated beverage with caffeine & sugar, e.g., Coke, Pepsi, Mt. Dew, Dr. Pepper","1 glass, bottle or can","Coke, Pepsi, Mt. Dew, Dr. Pepper","Consider the serving size as 1 glass, bottle or can for these carbonated beverages",frequency,"Never, or less than once per month|1–3 per month|1 per week|2–4 per week|5–6 per week|1 per day|2–3 per day|4–5 per day|6+ per day",
Q145,3,5,Beverages,Carbonated beverages – Regular types (not sugar-free),"Other carbonated beverage with sugar, e.g., 7-Up, Root Beer, Ginger Ale, Caffeine-Free Coke","1 glass, bottle or can","7-Up, Root Beer, Ginger Ale, Caffeine-Free Coke","Consider the serving size as 1 glass, bottle or can for these carbonated beverages",frequency,"Never, or less than once per month|1–3 per month|1 per week|2–4 per week|5–6 per week|1 per day|2–3 per day|4–5 per day|6+ per day",
Q146,3,5,Beverages,Other beverages,"Other sugared beverages, e.g., Punch, lemonade, sports drinks, or sugared ice tea (1 glass, bottle, can)","1 glass, bottle, can","Punch, lemonade, sports drinks, sugared ice tea",,frequency,"Never, or less than once per month|1–3 per month|1 per week|2–4 per week|5–6 per week|1 per day|2–3 per day|4–5 per day|6+ per day",
Q147,3,5,Beverages,Other beverages,"Beer, regular, light or hard cider (1 glass, bottle, can)","1 glass, bottle, can",,,frequency,"Never, or less than once per month|1–3 per month|1 per week|2–4 per week|5–6 per week|1 per day|2–3 per day|4–5 per day|6+ per day",
Q148,3,5,Beverages,Other beverages,Red wine (5 oz. glass),5 oz. glass,,,frequency,"Never, or less than once per month|1–3 per month|1 per week|2–4 per week|5–6 per week|1 per day|2–3 per day|4–5 per day|6+ per day",
Q149,3,5,Beverages,Other beverages,White wine (5 oz. glass),5 oz. glass,,,frequency,"Never, or less than once per month|1–3 per month|1 per week|2–4 per week|5–6 per week|1 per day|2–3 per day|4–5 per day|6+ per day",
Q150,3,5,Beverages,Other beverages,"Liquor, e.g., vodka, gin, hard seltzer, etc. (e.g., White Claw, Truly Seltzer, Mikes Hard Lemonade) (1 drink or shot)",1 drink or shot,"vodka, gin, hard seltzer; White Claw, Truly Seltzer, Mikes Hard Lemonade",,frequency,"Never, or less than once per month|1–3 per month|1 per week|2–4 per week|5–6 per week|1 per day|2–3 per day|4–5 per day|6+ per day",
Q151,3,5,Beverages,Other beverages,"Plain water, include bottled, sparkling, or tap (8 oz. cup)",8 oz. cup,,"include bottled, sparkling, or tap",frequency,"Never, or less than once per month|1–3 per month|1 per week|2–4 per week|5–6 per week|1 per day|2–3 per day|4–5 per day|6+ per day",
Q152,3,5,Beverages,Other beverages,"Decaffeinated tea, exclude herbal (8 oz. cup)",8 oz. cup,,exclude herbal,frequency,"Never, or less than once per month|1–3 per month|1 per week|2–4 per week|5–6 per week|1 per day|2–3 per day|4–5 per day|6+ per day",
Q153,3,5,Beverages,Other beverages,"Tea with caffeine, including green tea (8 oz. cup)",8 oz. cup,,including green tea,frequency,"Never, or less than once per month|1–3 per month|1 per week|2–4 per week|5–6 per week|1 per day|2–3 per day|4–5 per day|6+ per day",
Q154,3,5,Beverages,Other beverages,Decaffeinated coffee (8 oz. cup),8 oz. cup,,,frequency,"Never, or less than once per month|1–3 per month|1 per week|2–4 per week|5–6 per week|1 per day|2–3 per day|4–5 per day|6+ per day",
Q155,3,5,Beverages,Other beverages,Coffee with caffeine (8 oz. cup),8 oz. cup,,,frequency,"Never, or less than once per month|1–3 per month|1 per week|2–4 per week|5–6 per week|1 per day|2–3 per day|4–5 per day|6+ per day",
Q156,3,5,Beverages,Other beverages,"Dairy coffee drink (hot/cold), e.g., Cappuccino (12 oz.)",12 oz.,Cappuccino,hot/cold,frequency,"Never, or less than once per month|1–3 per month|1 per week|2–4 per week|5–6 per week|1 per day|2–3 per day|4–5 per day|6+ per day",
Q157,4,5,"Sweets, Baked Goods, Miscellaneous",,"Sweets, Baked Goods, Miscellaneous section passthru (P)",,,,passthru,P,
Q158,4,5,"Sweets, Baked Goods, Miscellaneous",,"Milk chocolate (bar or pack), e.g., Hershey's, M&M's",bar or pack,"Hershey's, M&M's",,frequency,"Never, or less than once per month|1–3 per month|1 per week|2–4 per week|5–6 per week|1 per day|2–3 per day|4–5 per day|6+ per day",
Q159,4,5,"Sweets, Baked Goods, Miscellaneous",,"Dark chocolate, e.g., Hershey's Dark or Dove Dark",,Hershey's Dark or Dove Dark,,frequency,"Never, or less than once per month|1–3 per month|1 per week|2–4 per week|5–6 per week|1 per day|2–3 per day|4–5 per day|6+ per day",no portion printed
Q160,4,5,"Sweets, Baked Goods, Miscellaneous",,"Candy bars, e.g., Snickers, Milky Way, Reese's",,"Snickers, Milky Way, Reese's",,frequency,"Never, or less than once per month|1–3 per month|1 per week|2–4 per week|5–6 per week|1 per day|2–3 per day|4–5 per day|6+ per day",no portion printed
Q161,4,5,"Sweets, Baked Goods, Miscellaneous",,Candy without chocolate (1 oz.),1 oz.,,,frequency,"Never, or less than once per month|1–3 per month|1 per week|2–4 per week|5–6 per week|1 per day|2–3 per day|4–5 per day|6+ per day",
Q162,4,5,"Sweets, Baked Goods, Miscellaneous",Cookies (1) or Brownies (1),Ready made or from mix or dough,1,,,frequency,"Never, or less than once per month|1–3 per month|1 per week|2–4 per week|5–6 per week|1 per day|2–3 per day|4–5 per day|6+ per day",
Q163,4,5,"Sweets, Baked Goods, Miscellaneous",Cookies (1) or Brownies (1),"Home-baked, from scratch",1,,,frequency,"Never, or less than once per month|1–3 per month|1 per week|2–4 per week|5–6 per week|1 per day|2–3 per day|4–5 per day|6+ per day",
Q164,4,5,"Sweets, Baked Goods, Miscellaneous",,Doughnuts (1),1,,,frequency,"Never, or less than once per month|1–3 per month|1 per week|2–4 per week|5–6 per week|1 per day|2–3 per day|4–5 per day|6+ per day",
Q165,4,5,"Sweets, Baked Goods, Miscellaneous",,"Cake, homemade or ready made (slice)",slice,,,frequency,"Never, or less than once per month|1–3 per month|1 per week|2–4 per week|5–6 per week|1 per day|2–3 per day|4–5 per day|6+ per day",
Q166,4,5,"Sweets, Baked Goods, Miscellaneous",,"Pie, homemade or ready made (slice)",slice,,,frequency,"Never, or less than once per month|1–3 per month|1 per week|2–4 per week|5–6 per week|1 per day|2–3 per day|4–5 per day|6+ per day",
Q167,4,5,"Sweets, Baked Goods, Miscellaneous",,"Jams, jellies, preserves, syrup, or honey (1 Tbs)",1 Tbs,,,frequency,"Never, or less than once per month|1–3 per month|1 per week|2–4 per week|5–6 per week|1 per day|2–3 per day|4–5 per day|6+ per day",
Q168,4,5,"Sweets, Baked Goods, Miscellaneous",,Peanut butter or other nut butter (1 Tbs),1 Tbs,,,frequency,"Never, or less than once per month|1–3 per month|1 per week|2–4 per week|5–6 per week|1 per day|2–3 per day|4–5 per day|6+ per day",
Q169,4,5,"Sweets, Baked Goods, Miscellaneous",,"Popcorn, regular, fat free or light (2–3 cups)",2–3 cups,,,frequency,"Never, or less than once per month|1–3 per month|1 per week|2–4 per week|5–6 per week|1 per day|2–3 per day|4–5 per day|6+ per day",
Q170,4,5,"Sweets, Baked Goods, Miscellaneous",,"Sweet roll, coffee cake or other pastry (1)",1,,,frequency,"Never, or less than once per month|1–3 per month|1 per week|2–4 per week|5–6 per week|1 per day|2–3 per day|4–5 per day|6+ per day",
Q171,4,5,"Sweets, Baked Goods, Miscellaneous",,"Snack bars, e.g., Kind, Kashi, granola (1)",1,"Kind, Kashi, granola",,frequency,"Never, or less than once per month|1–3 per month|1 per week|2–4 per week|5–6 per week|1 per day|2–3 per day|4–5 per day|6+ per day",
Q172,4,5,"Sweets, Baked Goods, Miscellaneous",,"Energy bars or high protein bars, e.g., Clif, Quest, RXbar",,"Clif, Quest, RXbar",,frequency,"Never, or less than once per month|1–3 per month|1 per week|2–4 per week|5–6 per week|1 per day|2–3 per day|4–5 per day|6+ per day",no portion printed
Q173,4,5,"Sweets, Baked Goods, Miscellaneous",,"Diet nutrition drinks, e.g. Slimfast (1)",1,Slimfast,,frequency,"Never, or less than once per month|1–3 per month|1 per week|2–4 per week|5–6 per week|1 per day|2–3 per day|4–5 per day|6+ per day",
Q174,4,5,"Sweets, Baked Goods, Miscellaneous",,"Ensure, Boost or other meal replacement drinks (1)",1,"Ensure, Boost",,frequency,"Never, or less than once per month|1–3 per month|1 per week|2–4 per week|5–6 per week|1 per day|2–3 per day|4–5 per day|6+ per day",
Q175,4,5,"Sweets, Baked Goods, Miscellaneous",,Pretzels (1 small bag or serving),1 small bag or serving,,,frequency,"Never, or less than once per month|1–3 per month|1 per week|2–4 per week|5–6 per week|1 per day|2–3 per day|4–5 per day|6+ per day",
Q176,4,5,"Sweets, Baked Goods, Miscellaneous",,Peanuts (small packet or 1 oz.),small packet or 1 oz.,,,frequency,"Never, or less than once per month|1–3 per month|1 per week|2–4 per week|5–6 per week|1 per day|2–3 per day|4–5 per day|6+ per day",
Q177,4,5,"Sweets, Baked Goods, Miscellaneous",,Walnuts (1 oz.),1 oz.,,,frequency,"Never, or less than once per month|1–3 per month|1 per week|2–4 per week|5–6 per week|1 per day|2–3 per day|4–5 per day|6+ per day",
Q178,4,5,"Sweets, Baked Goods, Miscellaneous",,Other nuts (small packet or 1 oz.),small packet or 1 oz.,,,frequency,"Never, or less than once per month|1–3 per month|1 per week|2–4 per week|5–6 per week|1 per day|2–3 per day|4–5 per day|6+ per day",
Q179,4,5,"Sweets, Baked Goods, Miscellaneous",,Dried cranberries (1/4 cup),1/4 cup,,,frequency,"Never, or less than once per month|1–3 per month|1 per week|2–4 per week|5–6 per week|1 per day|2–3 per day|4–5 per day|6+ per day",
Q180,4,5,"Sweets, Baked Goods, Miscellaneous",,Mixed dried fruit (1/4 cup),1/4 cup,,,frequency,"Never, or less than once per month|1–3 per month|1 per week|2–4 per week|5–6 per week|1 per day|2–3 per day|4–5 per day|6+ per day",
Q181,4,5,"Sweets, Baked Goods, Miscellaneous",,"Oat bran, other bran (wheat, etc.), added to food (1 Tbs)",1 Tbs,wheat,added to food,frequency,"Never, or less than once per month|1–3 per month|1 per week|2–4 per week|5–6 per week|1 per day|2–3 per day|4–5 per day|6+ per day",
Q182,4,5,"Sweets, Baked Goods, Miscellaneous",,Chowder or cream soup (1 cup),1 cup,,,frequency,"Never, or less than once per month|1–3 per month|1 per week|2–4 per week|5–6 per week|1 per day|2–3 per day|4–5 per day|6+ per day",
Q183,4,5,"Sweets, Baked Goods, Miscellaneous",,Tomato soup (1 cup),1 cup,,,frequency,"Never, or less than once per month|1–3 per month|1 per week|2–4 per week|5–6 per week|1 per day|2–3 per day|4–5 per day|6+ per day",
Q184,4,5,"Sweets, Baked Goods, Miscellaneous",,Ketchup or red chili sauce (1 Tbs),1 Tbs,,,frequency,"Never, or less than once per month|1–3 per month|1 per week|2–4 per week|5–6 per week|1 per day|2–3 per day|4–5 per day|6+ per day",
Q185,4,5,"Sweets, Baked Goods, Miscellaneous",,Flaxseed (1 Tbs),1 Tbs,,,frequency,"Never, or less than once per month|1–3 per month|1 per week|2–4 per week|5–6 per week|1 per day|2–3 per day|4–5 per day|6+ per day",
Q186,4,5,"Sweets, Baked Goods, Miscellaneous",,"Seeds, e.g., pumpkin, sunflower, etc. (1/4 cup)",1/4 cup,"pumpkin, sunflower",,frequency,"Never, or less than once per month|1–3 per month|1 per week|2–4 per week|5–6 per week|1 per day|2–3 per day|4–5 per day|6+ per day",
Q187,4,5,"Sweets, Baked Goods, Miscellaneous",,"Garlic, fresh or powdered (1 clove or 4 shakes)",1 clove or 4 shakes,,,frequency,"Never, or less than once per month|1–3 per month|1 per week|2–4 per week|5–6 per week|1 per day|2–3 per day|4–5 per day|6+ per day",
Q188,4,5,"Sweets, Baked Goods, Miscellaneous",,"Olives, any type (3)",3,,,frequency,"Never, or less than once per month|1–3 per month|1 per week|2–4 per week|5–6 per week|1 per day|2–3 per day|4–5 per day|6+ per day",
Q189,4,5,"Sweets, Baked Goods, Miscellaneous",,Olive oil added to food or bread (1 Tbs),1 Tbs,,,frequency,"Never, or less than once per month|1–3 per month|1 per week|2–4 per week|5–6 per week|1 per day|2–3 per day|4–5 per day|6+ per day",
Q190,4,5,"Sweets, Baked Goods, Miscellaneous",,Low-fat or olive oil mayonnaise (1 Tbs),1 Tbs,,,frequency,"Never, or less than once per month|1–3 per month|1 per week|2–4 per week|5–6 per week|1 per day|2–3 per day|4–5 per day|6+ per day",
Q191,4,5,"Sweets, Baked Goods, Miscellaneous",,Regular mayonnaise (1 Tbs),1 Tbs,,,frequency,"Never, or less than once per month|1–3 per month|1 per week|2–4 per week|5–6 per week|1 per day|2–3 per day|4–5 per day|6+ per day",
Q192,4,5,"Sweets, Baked Goods, Miscellaneous",Salad dressing (1–2 Tbs),Salad dressing (1–2 Tbs): How often?,1–2 Tbs,,,frequency,"Never, or less than once per month|1–3 per month|1 per week|2–4 per week|5–6 per week|1 per day|2–3 per day|4–5 per day|6+ per day",
Q193,4,5,"Sweets, Baked Goods, Miscellaneous",Salad dressing (1–2 Tbs),Salad dressing: Type(s),,,,multi_choice,"Nonfat|Low-fat|Olive oil|Regular (e.g., Italian, Ranch)",
Q194,4,5,"Sweets, Baked Goods, Miscellaneous",Artificial sweeteners (1 packet),Artificial sweeteners (1 packet): How often?,1 packet,,,frequency,"Never, or less than once per month|1–3 per month|1 per week|2–4 per week|5–6 per week|1 per day|2–3 per day|4–5 per day|6+ per day",
Q195,4,5,"Sweets, Baked Goods, Miscellaneous",Artificial sweeteners (1 packet),Artificial sweeteners: Type(s),,,,multi_choice,Splenda|Equal|NutraSweet|Sweet'N Low|Truvia|Stevia,
Q196,4,6,Liver,,Liver section passthru,,,,passthru,P,
Q197,4,6,Liver,,"Liver: beef, calf or pork (4 oz.)",4 oz.,,,single_choice,Never|Less than 1/mo|1/mo|2–3/mo|1/week or more,
Q198,4,6,Liver,,Liver: chicken or turkey (4 oz.),4 oz.,,,single_choice,Never|Less than 1/mo|1/mo|2–3/mo|1/week or more,
Q199,4,7,Cooking,,"How often do you eat pan-fried or sautéed food at home? (Exclude ""Pam""-type spray)",,,,single_choice,Less than once a week|1–3 times per week|4–6 times per week|Daily,
Q200,4,8,Cooking,,"What kind of fat is most often used for pan-frying and sautéing at home? (Exclude ""Pam""-type spray)",,,,single_choice,Real butter|Margarine|Olive oil|Vegetable oil|Veg. shortening|Lard|N/A,
Q201,4,9,Cooking,,What kind of fat is most often used for baking COOKIES at home?,,,,single_choice,Real butter|Margarine|Olive oil|Vegetable oil|Veg. shortening|Lard|N/A,
Q202,4,10,Cooking,,"What type of cooking oil is most often used at home? (e.g., Mazola Corn Oil) Specify brand and type",,,,text,write-in,
Q203,4,10,Cooking,,Cooking oil code (coded bubbles next to Q10),,,,multi_choice,AVO (avocado)|OLV (olive)|BLE (blend)|PEA (peanut)|CAN (canola)|SAF (safflower)|COC (coconut)|SES (sesame)|COR (corn)|SUN (sunflower)|GRS (grapeseed)|WAL (walnut)|VEG (vegetable),
Q204,4,11,Eating out,,"How often do you eat deep fried chicken, fish, shrimp, clams or onion rings away from home?",,,,single_choice,Less than once a week|1–3 times per week|4–6 times per week|Daily,
Q205,4,12,Eating out,,"How often do you eat toasted breads, bagel or English muffin (slice or 1 half bagel)?",slice or 1 half bagel,,,single_choice,Less than once a week|1–3 times per week|4–6 times per week|Daily|2+ times/day,
Q206,4,13,Diet,,Are you following any of these diets? (Mark all that apply.),,,,multi_choice,"Low carb (Atkins, Paleo, etc.)|KETO|Vegan|Vegetarian|Gluten free|Low fat|Low sodium|Low calorie|Weight Watchers|Diabetic|Intermittent fasting|DASH|Mediterranean|Other|None",
