var,dict_label,q_id,food_group,form_label,portion,search_terms,exclude,review,note
skim.kids,Skim milk,Q028,Dairy Foods,Milk (8 oz. glass): Skim milk,8 oz. glass,skim milk,,,
milk2,Milk - 1 or 2%,Q029,Dairy Foods,Milk (8 oz. glass): 1 or 2 % milk,8 oz. glass,low fat 1% milk; reduced fat 2% milk,,,
milk,Whole milk,Q030,Dairy Foods,Milk (8 oz. glass): Whole milk,8 oz. glass,whole milk,,,
almond.milk,Almond milk,Q031,Dairy Foods,Milk (8 oz. glass): Almond milk,8 oz. glass,almond milk,,,
soymilk.fort,Soy milk,Q032,Dairy Foods,Milk (8 oz. glass): Soy milk,8 oz. glass,soy milk,,,
plant.milk,Other Plant-based Milk,Q033,Dairy Foods,Milk (8 oz. glass): Other plant-based milk,8 oz. glass,oat milk; rice milk; coconut milk beverage,,check,generic 'other plant-based milk'; pick representative foods
cream,"Cream (coffee,sour)",Q034,Dairy Foods,"Cream, e.g., coffee, sour (exclude fat free) (1 Tbs)",1 Tbs,half and half cream; sour cream,fat free,,
cof.wht,Non-dairy whitener,Q035,Dairy Foods,Non-dairy coffee whitener (exclude fat free) (1 Tbs),1 Tbs,nondairy coffee creamer,fat free,,
yogurt.frozen,"Frozen yogurt,sorbet, Sherbet,low fat ice cream",Q036,Dairy Foods,"Frozen yogurt, sherbet, or low-fat ice cream (1 cup)",1 cup,frozen yogurt; sorbet; sherbet; light ice cream,,,
ice.cr,Regular ice cream,Q037,Dairy Foods,Regular ice cream (1 cup),1 cup,ice cream,,,
bu,Spreads: Butter or ghee,Q038,Dairy Foods,Spreads added to food or bread; exclude use in cooking: Pure butter or ghee,,butter; ghee,,,no portion printed on the form
margarine,Spreads: Margarine,Q039,Dairy Foods,Spreads added to food or bread; exclude use in cooking: Margarine,,margarine,,,no portion printed on the form
spread.bu,Spreads: Butter with added oil (spreadable butter),Q040,Dairy Foods,"Spreads added to food or bread; exclude use in cooking: Butter with added oil (e.g., Land O Lakes Butter with Canola Oil)",,butter blend spread,,,no portion printed on the form
yog.plain,"Yogurt, plain",Q041,Dairy Foods,Yogurt (4–6 oz.) Include drinkable: Plain,4–6 oz.,plain yogurt,,,
yog.lt,"Yogurt, artificially sweetened",Q042,Dairy Foods,"Yogurt (4–6 oz.) Include drinkable: Artificially sweetened (e.g., light peach)",4–6 oz.,light yogurt,,check,artificially sweetened; check FNDDS wording
yog,"Yogurt, sweetened",Q043,Dairy Foods,"Yogurt (4–6 oz.) Include drinkable: Sweetened (e.g., strawberry, vanilla)",4–6 oz.,fruit yogurt,,,
cot.ch,Cottage or ricotta cheese,Q045,Dairy Foods,Cottage or ricotta cheese (1/2 cup),1/2 cup,cottage cheese; ricotta cheese,,,
cr.ch,Cream cheese,Q046,Dairy Foods,Cream cheese (1 oz.),1 oz.,cream cheese,,,
oth.ch,Other cheese,Q047,Dairy Foods,"Other cheese, e.g., American, cheddar, etc., plain or as part of a dish (1 slice or 1 oz. serving)",1 slice or 1 oz. serving,cheddar cheese; mozzarella cheese; swiss cheese,,check,generic 'other cheese'; pick representative foods
raisgrp,Raisins or grapes,Q050,Fruits,Raisins (1 oz. or small pack) or grapes (1/2 cup),raisins 1 oz. or small pack; grapes 1/2 cup,raisins; grapes,,,
prun,Prunes or dried plums,Q051,Fruits,Prunes or dried plums (1/2 cup canned or 1/4 cup dried),1/2 cup canned or 1/4 cup dried,prunes,,,
ban,Bananas or plantain,Q052,Fruits,Bananas (1) or plantain (1/2),bananas 1; plantain 1/2,banana; plantain,,,
cant,Cantaloupe,Q053,Fruits,Cantaloupe (1/4 melon),1/4 melon,cantaloupe,,,
avocado,Avocado,Q054,Fruits,Avocado (1/2 fruit or 1/2 cup),1/2 fruit or 1/2 cup,avocado,,,
apple,Fresh apples or pears,Q055,Fruits,Fresh apples or pears (1),1,raw apple; raw pear,juice; sauce,,
a.j,Apple juice or cider,Q056,Fruits,Apple juice or cider (small glass),small glass,apple juice; apple cider,,,
tangerine,"Tangerines, clementines, mandarine oranges",Q057,Fruits,"Tangerines, clementines, mandarin oranges (1)",1,tangerine; clementine; mandarin orange,,,
orang,Oranges,Q058,Fruits,Oranges (1),1,raw orange,juice,,
o.j.ca.d,Orange juice- calcium or vit d fort.,Q059,Fruits,Orange juice (small glass): Calcium or Vit. D fortified,small glass,calcium fortified orange juice; vitamin D fortified orange juice,,,
o.j,Orange juice- regular (not fort.),Q060,Fruits,Orange juice (small glass): Regular (not calcium fortified),small glass,orange juice,fortified,,
grfrt,Grapefruit or Grapefruit juice,Q061,Fruits,Grapefruit (1/2) or grapefruit juice (small glass),grapefruit 1/2; juice small glass,grapefruit; grapefruit juice,,,
oth.f.j,Other fruit juices,Q062,Fruits,"Other fruit juices (e.g., cranberry, grape) (small glass)",small glass,fruit juice; grape juice; cranberry juice,orange; apple; grapefruit,check,generic 'other fruit juices'
straw,Strawberries,Q063,Fruits,"Strawberries, fresh, frozen or canned (1/2 cup)",1/2 cup,strawberries,,,
blue,Blueberries,Q064,Fruits,"Blueberries, fresh, frozen or canned (1/2 cup)",1/2 cup,blueberries,,,
peaches,Peaches or plums,Q065,Fruits,Peaches or plums (1 fresh or 1/2 cup canned),1 fresh or 1/2 cup canned,peach; plum,,,
apricot,"Apricots, fresh or canned",Q066,Fruits,"Apricots (1 fresh, 1/2 cup canned or 5 dried)","1 fresh, 1/2 cup canned or 5 dried",raw apricot; canned apricot,,,
tom,"Tomatoes, 2 slices",Q068,Vegetables,Tomatoes (2 slices),2 slices,raw tomato,juice; sauce; soup,,
tom.j,Tomato juice or V-8,Q069,Vegetables,Tomato juice or V-8 juice (small glass),small glass,tomato juice; vegetable juice,,,
tom.s,Tomato sauce,Q070,Vegetables,"Tomato sauce (1/2 cup) e.g., spaghetti sauce",1/2 cup,tomato sauce,,,
salsa,"Salsa, picante or taco sauce",Q071,Vegetables,"Salsa, picante or taco sauce (1/4 cup)",1/4 cup,salsa; taco sauce,,,
st.beans,String beans,Q072,Vegetables,String beans (1/2 cup),1/2 cup,green beans,,,
humus,"Hummus, garbanzo or chickpeas",Q073,Vegetables,"Hummus (1/4 cup), garbanzo or chickpeas (1/2 cup)",hummus 1/4 cup; garbanzo/chickpeas 1/2 cup,hummus; chickpeas,,,
beans,Beans or lentils,Q074,Vegetables,"Beans or lentils, baked, dried (1/2 cup) or soup",1/2 cup or soup,beans; lentils,,,
tofu,"Soy burger, tofu,miso or other soy protein",Q075,Vegetables,"Soy burger, tofu, miso or other soy protein",,tofu; soy burger; miso,,,no portion printed on the form
plant.burg,Other Plant-based Burger,Q076,Vegetables,"Other plant-based burger, e.g., Beyond Meat, Lightlife (1 patty)",1 patty,veggie burger,,check,generic 'other plant-based burger'
peas,Peas or lima beans or soup,Q077,Vegetables,"Peas or lima beans (1/2 cup fresh, frz., canned) or soup","1/2 cup fresh, frz., canned or soup",green peas; lima beans; split pea soup,,check,'or soup' in label - confirm which soup
broc,Broccoli,Q078,Vegetables,Broccoli (1/2 cup),1/2 cup,broccoli,,,
caul,Cauliflower,Q079,Vegetables,Cauliflower (1/2 cup),1/2 cup,cauliflower,,,
cabb,"Coleslaw, cabbage",Q080,Vegetables,Cabbage or coleslaw (1/2 cup),1/2 cup,coleslaw; cabbage,,,
brusl,Brussels sprouts,Q081,Vegetables,Brussels sprouts (1/2 cup),1/2 cup,brussels sprouts,,,
carrot.r,Raw Carrots,Q082,Vegetables,"Carrots, raw (1/2 carrot or 2–4 sticks)",1/2 carrot or 2–4 sticks,raw carrots,,,
carrot.c,Cooked Carrots,Q083,Vegetables,"Carrots, cooked (1/2 cup) or carrot juice (2–3 oz.)",carrots 1/2 cup; juice 2–3 oz.,cooked carrots,,,
corn,Corn,Q084,Vegetables,Corn (1 ear or 1/2 cup frozen or canned),1 ear or 1/2 cup frozen or canned,corn,,,
mix.veg,Mixed vegetables,Q085,Vegetables,Mixed or stir fry vegetables (1/2 cup) or soup,1/2 cup or soup,mixed vegetables,,,
swt.pot,"Yams or sweet potatoes, include sweet potato fries",Q086,Vegetables,"Yams or sweet potatoes, include sweet potato fries, (1/2 cup)",1/2 cup,sweet potato; yam; sweet potato fries,,,
yel.sqs,Dark Orange (winter) squash,Q087,Vegetables,Dark orange (winter) squash (1/2 cup),1/2 cup,winter squash,,,
zuke,"Eggplant, zucchini",Q088,Vegetables,"Eggplant, zucchini or other summer squash (1/2 cup)",1/2 cup,eggplant; zucchini,,,
kale,"Kale, arugula or mustard greens",Q089,Vegetables,"Kale, arugula or mustard greens (1/2 cup)",1/2 cup,kale; arugula; mustard greens,,,
spin.ckd,"Spinach, cooked",Q090,Vegetables,"Spinach, cooked (1/2 cup)",1/2 cup,cooked spinach,,,
spin.raw,"Spinach, raw",Q091,Vegetables,"Spinach, raw as in salad (1 cup)",1 cup,raw spinach,,,
ice.let,Iceberg or head lettuce,Q092,Vegetables,Iceberg or head lettuce (1 serving),1 serving,iceberg lettuce,,,
rom.let,Romaine or leaf lettuce,Q093,Vegetables,Romaine or leaf lettuce (1 serving),1 serving,romaine lettuce; leaf lettuce,,,
peppers,Green/yellow/red peppers,Q094,Vegetables,"Peppers: green, yellow or red (2 rings or 1/4 small)",2 rings or 1/4 small,green pepper; red pepper; yellow pepper,,,
onions,Onion as a garnish,Q095,Vegetables,Onions as a garnish or in salad (1 slice),1 slice,raw onion,,,
onions1,Onion as a vegetable,Q096,Vegetables,Onions as a cooked vegetable or rings (1/2 cup) or soup,1/2 cup or soup,cooked onion,,,
eggs.omega,"Eggs, Omega-3 fortified, incl yolk",Q098,"Eggs, Meat, etc.",Eggs (1): Omega-3 fortified including yolk,1,whole egg,,check,omega-3 fortified eggs; FNDDS may not distinguish
eggs,"Eggs, regular, incl yolk",Q099,"Eggs, Meat, etc.",Eggs (1): Regular eggs including yolk,1,whole egg,,,
hotdog,Beef Hot dogs,Q100,"Eggs, Meat, etc.",Beef hot dogs (1),1,beef hot dog,,,
chix.dog,"Chicken or turkey hot dogs, sausage or bacon",Q101,"Eggs, Meat, etc.","Chicken or turkey hot dogs, sausage (1) or bacon (2 slices)",hot dog/sausage 1; bacon 2 slices,chicken hot dog; turkey hot dog; sausage; bacon,,,
chix.no.sand,Chicken/turkey sandwich/frozen dinner,Q102,"Eggs, Meat, etc.",Chicken/turkey sandwich or frozen dinner,,chicken sandwich; turkey sandwich; chicken frozen dinner,,,no portion printed on the form
chix.sk,"Chicken or turkey, with skin",Q103,"Eggs, Meat, etc.","Other chicken or turkey, with skin (3 oz.) – including ground",3 oz.,skin eaten chicken; skin eaten turkey,,,
chix.no,"Chicken or turkey, without skin",Q104,"Eggs, Meat, etc.","Other chicken or turkey, without skin (3 oz.)",3 oz.,skin not eaten chicken; skin not eaten turkey,,,
bacon,Bacon (exclude turkey bacon),Q105,"Eggs, Meat, etc.",Bacon (exclude turkey bacon) (2 slices),2 slices,pork bacon,turkey,,
bologna,"Salami, bologna or other processed meat sandwiches",Q107,"Meat, Fish","Salami, bologna, or other processed meat sandwiches",,salami; bologna,,,no portion printed on the form
proc.mts,Sausage or kielbasa (pork or beef),Q108,"Meat, Fish",Sausage or kielbasa (pork or beef) etc. (2 oz. or 2 links),2 oz. or 2 links,pork sausage; beef sausage; kielbasa,,,
xtrlean.hamburg,"Hamburger, lean or extra lean",Q109,"Meat, Fish",Hamburger (1 patty): Lean or extra lean,1 patty,lean ground beef; extra lean ground beef,,,
hamb,"Hamburger, regular",Q110,"Meat, Fish",Hamburger (1 patty): Regular,1 patty,regular ground beef,,,
sand.bf.ham,"Beef, pork or lamb as a sandwich",Q111,"Meat, Fish","Beef, pork, or lamb as a sandwich or mixed dish, e.g., stew, casserole, lasagna, frozen dinners, etc.",,roast beef sandwich; ham sandwich; lamb,,check,'as sandwich or mixed dish' - check candidates; no portion printed on the form
pork,Pork as a main dish,Q112,"Meat, Fish","Pork as a main dish, e.g., ham or chops (4–6 oz.)",4–6 oz.,pork chop; ham,,,
beef,Beef or lamb as a main dish,Q113,"Meat, Fish","Beef or lamb as a main dish, e.g., steak, roast (4–6 oz.)",4–6 oz.,beef steak; beef roast; lamb,,,
tuna,Canned tuna,Q114,"Meat, Fish",Canned tuna fish (3–4 oz.),3–4 oz.,canned tuna,,,
fr.fish.kids,"Breaded fish cakes, pieces",Q115,"Meat, Fish","Breaded fish, pieces or sticks (1 serving, store bought)",1 serving,fish sticks; fish cake,,,
shrimp.ckd,"Shrimp, crab, scallops, clams",Q116,"Meat, Fish","Shellfish, e.g., shrimp, crab, scallops, clams as main dish",,shrimp; crab; scallops; clams,,,no portion printed on the form
dk.fish,Dark meat fish,Q117,"Meat, Fish","Dark meat fish, e.g., tuna steak, mackerel, salmon, sardines, bluefish, swordfish (3–5 oz.)",3–5 oz.,salmon; mackerel; sardines; swordfish; bluefish,,,
oth.fish,Other fish,Q118,"Meat, Fish","Other fish, e.g., cod, haddock, halibut (3–5 oz.)",3–5 oz.,cod; haddock; halibut,,,
cold.cer,Cold breakfast cereal,Q120,"Breads, Cereals, Starches",Cold breakfast cereal (1 serving),1 serving,ready-to-eat cereal,,check,generic; brand-specific cereals are separate type variables
oatmeal.bran,Cooked oatmeal,Q121,"Breads, Cereals, Starches",Cooked oatmeal/cooked oat bran (including instant) (1 cup),1 cup,cooked oatmeal,,,
ckd.cer,Other cooked brkfst cereal,Q122,"Breads, Cereals, Starches","Other cooked breakfast cereal, including grits (1 cup)",1 cup,grits; cream of wheat,,,
wh.br,"White, wheat, oatmeal (not whole grain) bread",Q123,"Breads, Cereals, Starches","Bread or Pita (1 slice): White, wheat, oatmeal (not whole grain)",1 slice,white bread; wheat bread; oatmeal bread,whole,,
rye.br,Rye/pumpernickel bread,Q124,"Breads, Cereals, Starches",Bread or Pita (1 slice): Rye/Pumpernickel,1 slice,rye bread; pumpernickel bread,,,
dk.br,Whole wheat/whole grain oat/whole multigrain bread,Q125,"Breads, Cereals, Starches","Bread or Pita (1 slice): Whole wheat, whole grain oat, whole multigrain",1 slice,whole wheat bread; multigrain bread,,,
crax.ww,"Crackers, whole grain/whole wheat",Q126,"Breads, Cereals, Starches",Crackers (6): Whole grain/whole wheat,6,whole wheat crackers,,,
crax.oth,"Crackers, other",Q127,"Breads, Cereals, Starches",Crackers (6): Other crackers,6,crackers,whole,,
eng.muff,Bagels/English muffins/rolls,Q128,"Breads, Cereals, Starches","Bagels, English muffins, or rolls (1)",1,bagel; english muffin; roll,,,
muffin,Muffins or biscuits,Q129,"Breads, Cereals, Starches",Muffins or biscuits (1),1,muffin; biscuit,,,
pancak.all,Pancakes or waffles,Q130,"Breads, Cereals, Starches",Pancakes or waffles (2 small pieces),2 small pieces,pancakes; waffles,,,
br.rice,Brown rice,Q131,"Breads, Cereals, Starches",Brown rice (1 cup),1 cup,brown rice,,,
wh.rice,White rice,Q132,"Breads, Cereals, Starches",White rice (1 cup),1 cup,white rice,,,
pasta.ww,Pasta: Whole Wheat,Q133,"Breads, Cereals, Starches","Whole grain pasta, e.g., spaghetti, macaroni (1 cup)",1 cup,whole wheat pasta,,,
pasta,Pasta: Other,Q134,"Breads, Cereals, Starches","Other pasta (not whole grain), e.g., spaghetti, noodles, macaroni, etc. (1 cup)",1 cup,pasta,whole,,
quinoa,Other Whole Grain,Q135,"Breads, Cereals, Starches","Other whole grains, e.g., quinoa, barley, spelt, etc. (1 cup)",1 cup,quinoa; bulgur; barley,,check,generic 'other whole grain'
tortillas,Tortillas,Q136,"Breads, Cereals, Starches","Tortillas: corn or flour, e.g., burritos, quesadillas etc. (2)",2,tortilla; burrito; quesadilla,,,
ff.pot,"French fried potatoes, exclude sweet potato fries",Q137,"Breads, Cereals, Starches","French Fries, exclude sweet potato fries (6 oz. or 1 serving)",6 oz. or 1 serving,french fries,sweet potato,,
pot,"Potatoes baked, boiled, mashed",Q138,"Breads, Cereals, Starches","Potatoes, baked, boiled (1) or mashed (1 cup)",baked/boiled 1; mashed 1 cup,baked potato; boiled potato; mashed potatoes,,,
snack.chip,Potato chips or corn chips,Q139,"Breads, Cereals, Starches",Potato chips or corn/tortilla chips (small bag or 1 oz.),small bag or 1 oz.,potato chips; corn chips; tortilla chips,,,
pizza.f.r,Pizza,Q140,"Breads, Cereals, Starches",Pizza (2 slices),2 slices,pizza,,,
dietsoda.caf,Low calorie bev w caffeine,Q142,Beverages,"Carbonated beverages – Low-Calorie (sugar-free) types: Low-calorie beverage with caffeine, e.g., Diet Coke","1 glass, bottle or can",diet cola,caffeine free,,
dietsoda.nocaf,Oth Low cal bev without caffeine,Q143,Beverages,"Carbonated beverages – Low-Calorie (sugar-free) types: Other low-cal bev. without caffeine, e.g., Diet 7-Up","1 glass, bottle or can",caffeine free diet soft drink,,,
coke,Carbonated bev with caf and sugar,Q144,Beverages,"Carbonated beverages – Regular types (not sugar-free): Carbonated beverage with caffeine & sugar, e.g., Coke, Pepsi, Mt. Dew, Dr. Pepper","1 glass, bottle or can",cola,diet; caffeine free,,
soda.nocaf,Oth carbonated bev with sugar,Q145,Beverages,"Carbonated beverages – Regular types (not sugar-free): Other carbonated beverage with sugar, e.g., 7-Up, Root Beer, Ginger Ale, Caffeine-Free Coke","1 glass, bottle or can",lemon-lime soft drink; ginger ale,diet,,
punch,"Oth sugared bev: Punch, lemonade, etc.",Q146,Beverages,"Other beverages: Other sugared beverages, e.g., Punch, lemonade, sports drinks, or sugared ice tea (1 glass, bottle, can)","1 glass, bottle, can",fruit punch; lemonade; sports drink; sweetened tea,,,
beer,"Beer, regular, light or hard cider",Q147,Beverages,"Other beverages: Beer, regular, light or hard cider (1 glass, bottle, can)","1 glass, bottle, can",beer; light beer; hard cider,,,
r.wine,Red wine,Q148,Beverages,Other beverages: Red wine (5 oz. glass),5 oz. glass,red wine,,,
w.wine,White wine,Q149,Beverages,Other beverages: White wine (5 oz. glass),5 oz. glass,white wine,,,
liq,Liquor,Q150,Beverages,"Other beverages: Liquor, e.g., vodka, gin, hard seltzer, etc. (e.g., White Claw, Truly Seltzer, Mikes Hard Lemonade) (1 drink or shot)",1 drink or shot,whiskey; vodka; rum; gin,,,
h2o,Plain water,Q151,Beverages,"Other beverages: Plain water, include bottled, sparkling, or tap (8 oz. cup)",8 oz. cup,tap water,,,
tea.decaf,Decaffeinated tea (exclude Herbal Tea),Q152,Beverages,"Other beverages: Decaffeinated tea, exclude herbal (8 oz. cup)",8 oz. cup,decaffeinated tea,herbal,,
tea,Tea,Q153,Beverages,"Other beverages: Tea with caffeine, including green tea (8 oz. cup)",8 oz. cup,brewed tea,herbal; decaffeinated,,
decaf,Decaffeinated coffee,Q154,Beverages,Other beverages: Decaffeinated coffee (8 oz. cup),8 oz. cup,decaffeinated coffee,,,
coff,Coffee,Q155,Beverages,Other beverages: Coffee with caffeine (8 oz. cup),8 oz. cup,brewed coffee,decaffeinated,,
coff.drink,Dairy Coffee Drink,Q156,Beverages,"Other beverages: Dairy coffee drink (hot/cold), e.g., Cappuccino (12 oz.)",12 oz.,cappuccino; latte,,,
choc,Milk chocolate,Q158,"Sweets, Baked Goods, Miscellaneous","Milk chocolate (bar or pack), e.g., Hershey's, M&M's",bar or pack,milk chocolate,,,
choc.dark,Dark chocolate,Q159,"Sweets, Baked Goods, Miscellaneous","Dark chocolate, e.g., Hershey's Dark or Dove Dark",,dark chocolate,,,no portion printed on the form
candy.nuts,Candy bars,Q160,"Sweets, Baked Goods, Miscellaneous","Candy bars, e.g., Snickers, Milky Way, Reese's",,chocolate candy bar,,,no portion printed on the form
candy,Candy without chocolate,Q161,"Sweets, Baked Goods, Miscellaneous",Candy without chocolate (1 oz.),1 oz.,hard candy; gummy candy,chocolate,,
coox.brn,"Cookies or Brownies, ready-made",Q162,"Sweets, Baked Goods, Miscellaneous",Cookies (1) or Brownies (1): Ready made or from mix or dough,1,cookie; brownie,,,
coox.brn.home,"Cookies or Brownies, home-baked",Q163,"Sweets, Baked Goods, Miscellaneous","Cookies (1) or Brownies (1): Home-baked, from scratch",1,homemade cookie; homemade brownie,,,
donut,Doughnuts,Q164,"Sweets, Baked Goods, Miscellaneous",Doughnuts (1),1,doughnut,,,
cake.frost,"Cake, homemade or ready made",Q165,"Sweets, Baked Goods, Miscellaneous","Cake, homemade or ready made (slice)",slice,cake,,,
pie.comm,"Pie, homemade or ready made",Q166,"Sweets, Baked Goods, Miscellaneous","Pie, homemade or ready made (slice)",slice,pie,,,
jam,"Jams, jellies",Q167,"Sweets, Baked Goods, Miscellaneous","Jams, jellies, preserves, syrup, or honey (1 Tbs)",1 Tbs,jam; jelly,,,
p.bu,Peanut butter or other nut butter,Q168,"Sweets, Baked Goods, Miscellaneous",Peanut butter or other nut butter (1 Tbs),1 Tbs,peanut butter; almond butter,,,
popc,"Popcorn, regular, fat free or light",Q169,"Sweets, Baked Goods, Miscellaneous","Popcorn, regular, fat free or light (2–3 cups)",2–3 cups,popcorn,,,
s.roll.c,Sweetroll,Q170,"Sweets, Baked Goods, Miscellaneous","Sweet roll, coffee cake or other pastry (1)",1,sweet roll; danish,,,
snack.bar,Snack bars,Q171,"Sweets, Baked Goods, Miscellaneous","Snack bars, e.g., Kind, Kashi, granola (1)",1,granola bar; snack bar,,,
energy.bar,Energy bars,Q172,"Sweets, Baked Goods, Miscellaneous","Energy bars or high protein bars, e.g., Clif, Quest, RXbar",,energy bar; protein bar,,,no portion printed on the form
diet.drk,"Diet nutrion Drinks (Slimfast, ...)",Q173,"Sweets, Baked Goods, Miscellaneous","Diet nutrition drinks, e.g. Slimfast (1)",1,meal replacement shake,,check,e.g. SlimFast; check FNDDS wording
meal.rpl.drk,Ensure,Q174,"Sweets, Baked Goods, Miscellaneous","Ensure, Boost or other meal replacement drinks (1)",1,nutritional shake,,check,Ensure; check FNDDS wording
pretzel,Pretzels,Q175,"Sweets, Baked Goods, Miscellaneous",Pretzels (1 small bag or serving),1 small bag or serving,pretzels,,,
nuts,Peanuts,Q176,"Sweets, Baked Goods, Miscellaneous",Peanuts (small packet or 1 oz.),small packet or 1 oz.,peanuts,,,
walnuts,Walnuts,Q177,"Sweets, Baked Goods, Miscellaneous",Walnuts (1 oz.),1 oz.,walnuts,,,
oth.nuts,Other nuts,Q178,"Sweets, Baked Goods, Miscellaneous",Other nuts (small packet or 1 oz.),small packet or 1 oz.,almonds; cashews; mixed nuts,,,
dr.cranb,Dried cranberries,Q179,"Sweets, Baked Goods, Miscellaneous",Dried cranberries (1/4 cup),1/4 cup,dried cranberries,,,
mix.dr.frt,Mixed dried fruits,Q180,"Sweets, Baked Goods, Miscellaneous",Mixed dried fruit (1/4 cup),1/4 cup,mixed dried fruit,,,
oth.bran,Oat bran / Other Bran,Q181,"Sweets, Baked Goods, Miscellaneous","Oat bran, other bran (wheat, etc.), added to food (1 Tbs)",1 Tbs,oat bran; wheat bran,,,
chowder,Chowder or cream soup,Q182,"Sweets, Baked Goods, Miscellaneous",Chowder or cream soup (1 cup),1 cup,clam chowder; cream soup,,,
tom.soup,Tomato soup,Q183,"Sweets, Baked Goods, Miscellaneous",Tomato soup (1 cup),1 cup,tomato soup,,,
catsup,Ketchup,Q184,"Sweets, Baked Goods, Miscellaneous",Ketchup or red chili sauce (1 Tbs),1 Tbs,ketchup,,,
flax,Flaxseed,Q185,"Sweets, Baked Goods, Miscellaneous",Flaxseed (1 Tbs),1 Tbs,flaxseed,,,
seeds,"Seeds: Pumpkin,sunflower",Q186,"Sweets, Baked Goods, Miscellaneous","Seeds, e.g., pumpkin, sunflower, etc. (1/4 cup)",1/4 cup,pumpkin seeds; sunflower seeds,,,
garlic2,Garlic,Q187,"Sweets, Baked Goods, Miscellaneous","Garlic, fresh or powdered (1 clove or 4 shakes)",1 clove or 4 shakes,garlic,,,
olives,"Olives, any type",Q188,"Sweets, Baked Goods, Miscellaneous","Olives, any type (3)",3,olives,,,
olive.oil,Olive oil added to food or bread,Q189,"Sweets, Baked Goods, Miscellaneous",Olive oil added to food or bread (1 Tbs),1 Tbs,olive oil,,,
mayo.d,Low fat or olive oil mayonnaise,Q190,"Sweets, Baked Goods, Miscellaneous",Low-fat or olive oil mayonnaise (1 Tbs),1 Tbs,light mayonnaise; olive oil mayonnaise,,,
mayo,Mayonnaise,Q191,"Sweets, Baked Goods, Miscellaneous",Regular mayonnaise (1 Tbs),1 Tbs,mayonnaise,light,,
o.v,Salad dressing,Q192,"Sweets, Baked Goods, Miscellaneous",Salad dressing (1–2 Tbs): Salad dressing (1–2 Tbs): How often?,1–2 Tbs,salad dressing,,,
artif.sweet,Artificial sweeteners,Q194,"Sweets, Baked Goods, Miscellaneous",Artificial sweeteners (1 packet): Artificial sweeteners (1 packet): How often?,1 packet,sugar substitute,,,
