var,dict_label,data_file,item_type,q_id,option,role,note
id,ID Number,scn1|scn2,id,,,,
sug,Sugar in Teaspoons/day,scn1,amount,Q024,,response,
blank2,filler,scn1,filler,,,,
multvit,Currently take multi-vitamin?,scn1,supplement,Q001,,response,
mulfrq,How many multi-vit per week?,scn1,supplement,Q002,,response,
gummy.type,Is this usually a gummy vitamin,scn1,supplement,Q003,,response,
other.type,"Labeled for Men, Women or Both",scn1,supplement,Q004,,response,
centrum.silver,Centrum Silver,scn1,supplement,Q005,Centrum silver or Senior Vit.,response,
centrum,Centrum,scn1,supplement,Q005,Centrum or generic equiv.,response,
oneaday,One a day,scn1,supplement,Q005,One-A-Day or equiv.,response,
teen.vit,One a day Teens or equivalent,scn1,supplement,Q005,One-A-Day Teens or equiv.,response,
kids.vit,Flintstones or Kids Multi equiv,scn1,supplement,Q005,Flintstones or Kids Multi equiv.,response,
prenatal,Prenatal,scn1,supplement,Q005,Prenatal,response,
areds,Eye Health,scn1,supplement,Q005,Eye Health,response,
veg.vit,Whole Foods/Vegetarian/Fruit Bites,scn1,supplement,Q005,Whole Foods/Vegetarian/Fruit Bites,response,
other.mvmin,Other mult vit w minerals,scn1,supplement,Q005,Other Multivitamins (with minerals),response,
other.mvnomin,Other mult vit wo minerals,scn1,supplement,Q005,Other Multivitamins (without minerals),response,
other.mv,Other mult. vit,scn1,supplement,Q005,Other (write in),response,
brndpt,"Multi-vit, brand PTB",scn1,passthru,Q005,,passthru,
vitamin.a,Vitamin A,scn1,supplement,Q006,,response,
ad,"Vitamin A, dose per day",scn1,supplement,Q007,,response,
k,Potassium,scn1,supplement,Q008,,response,
kd,"Potassium, dose per day",scn1,supplement,Q009,,response,
vitamin.c,Vitamin C,scn1,supplement,Q010,,response,
cd,"Vitamin C, dose per day",scn1,supplement,Q011,,response,
b6,Vitamin B-6,scn1,supplement,Q012,,response,
b6d,"Vitamin B-6, dose per day",scn1,supplement,Q013,,response,
vitamin.e,Vitamin E,scn1,supplement,Q014,,response,
ed,"Vitamin E, dose per day",scn1,supplement,Q015,,response,
etype,"Vitamin E, type",scn1,supplement,Q016,,response,
calcium,Calcium,scn1,supplement,Q017,,response,
cad,"Elemental Calcium, dose per day",scn1,supplement,Q018,,response,
vitamin.d,Vitamin D,scn1,supplement,Q019,,response,
vitdd,"Vitamind D, dose per day",scn1,supplement,Q020,,response,
zinc,Zinc,scn1,supplement,Q021,,response,
znd,"Zinc, dose per day",scn1,supplement,Q022,,response,
metamucil,Metamucil (Citrucel),scn1,supplement,Q023,Metamucil/Citrucel,response,
bcompl.06,B-complex,scn1,supplement,Q023,B-Complex,response,
linseed,Flax Seed Oil,scn1,supplement,Q023,Flax Seed Oil,response,
bcar,Betacarotene,scn1,supplement,Q023,Beta-carotene,response,
iron,Iron,scn1,supplement,Q023,Iron,response,
b12,Vitamin B12,scn1,supplement,Q023,Vitamin B12,response,
magnesium,Magnesium,scn1,supplement,Q023,Magnesium,response,
niacin2,Niacin,scn1,supplement,Q023,Niacin,response,
folic.acid,Folic acid,scn1,supplement,Q023,Folic Acid,response,
omega.3.epa,Fish oil,scn1,supplement,Q023,Fish Oil,response,
lyco,Lycopene,scn1,supplement,Q023,Lycopene,response,
gluchon,Glucosamine/Chondroitin,scn1,supplement,Q023,Glucosamine/Chondroitin,response,
coq10,Coenzyme Q10,scn1,supplement,Q023,Coenzyme Q10,response,
cod.liv.oil,Cod liver oil,scn1,supplement,Q023,Cod Liver Oil,response,
sel,Selenium,scn1,supplement,Q023,Selenium,response,
others,Other vitamins,scn1,supplement,Q023,Other (write in),response,
probiotics,Probiotics,scn1,supplement,Q023,Probiotics,response,
biotin,Biotin,scn1,supplement,Q023,Biotin,response,
tumeric,Tumeric/Curcumin,scn1,supplement,Q023,Turmeric/Curcumin,response,
otherptb,Supplements passthru,scn1,passthru,Q023,,passthru,
sugcht,Sugar cheat bubble,scn1,other,,,,not on the printed form; may relate to the Q3 'More than 10' write-in box - unconfirmed
cerpt,No Cereal,scn1,passthru,Q025,,passthru,= 'Don't eat cold breakfast cereal' option of Q4
cer,Cereal Brand,scn1,type,Q025,,response,
c.flk.K,Corn Flakes,scn1,type,Q026,CF,response,cereal code -> variable inferred from names
cheerio,Cheerios,scn1,type,Q026,CH,response,cereal code -> variable inferred from names
fr.miniwht,Frosted Mini Wheats,scn1,type,Q026,FM,response,cereal code -> variable inferred from names
natural.q,Granola,scn1,type,Q026,GR,response,cereal code -> variable inferred from names
hon.bun.oats,Honey Bunch of Oats,scn1,type,Q026,HB,response,cereal code -> variable inferred from names
spec.k,Special K,scn1,type,Q026,K,response,cereal code -> variable inferred from names
rz.b.k,Raisin Bran,scn1,type,Q026,RB,response,cereal code -> variable inferred from names
sh.wht,Shredded Wheat,scn1,type,Q026,SW,response,cereal code -> variable inferred from names
dpt,Passthru,scn1,passthru,Q027,,response,
skim.kids,Skim milk,scn1,frequency,Q028,,response,
milk2,Milk - 1 or 2%,scn1,frequency,Q029,,response,
milk,Whole milk,scn1,frequency,Q030,,response,
almond.milk,Almond milk,scn1,frequency,Q031,,response,
soymilk.fort,Soy milk,scn1,frequency,Q032,,response,
plant.milk,Other Plant-based Milk,scn1,frequency,Q033,,response,
cream,"Cream (coffee,sour)",scn1,frequency,Q034,,response,
cof.wht,Non-dairy whitener,scn1,frequency,Q035,,response,
yogurt.frozen,"Frozen yogurt,sorbet, Sherbet,low fat ice cream",scn1,frequency,Q036,,response,
ice.cr,Regular ice cream,scn1,frequency,Q037,,response,
bu,Spreads: Butter or ghee,scn1,frequency,Q038,,response,
margarine,Spreads: Margarine,scn1,frequency,Q039,,response,
spread.bu,Spreads: Butter with added oil (spreadable butter),scn1,frequency,Q040,,response,
yog.plain,"Yogurt, plain",scn1,frequency,Q041,,response,
yog.lt,"Yogurt, artificially sweetened",scn1,frequency,Q042,,response,
yog,"Yogurt, sweetened",scn1,frequency,Q043,,response,
yog.greek,Greek Yogurt TYPE,scn1,type,Q044,Greek,response,
yog.reg,Regular Yogurt TYPE,scn1,type,Q044,Regular,response,
yog.full,Full fat Yogurt TYPE,scn1,type,Q044,Full Fat,response,
yog.low,Reduced fat Yogurt TYPE,scn1,type,Q044,Reduced Fat,response,
yog.pt,Yogurt type Passthru,scn1,passthru,Q044,,passthru,
cot.ch,Cottage or ricotta cheese,scn1,frequency,Q045,,response,
cr.ch,Cream cheese,scn1,frequency,Q046,,response,
oth.ch,Other cheese,scn1,frequency,Q047,,response,
ch.reg,cheese type: Regular,scn1,type,Q048,Regular,response,
ch.lofat,cheese type: Low fat or Lite,scn1,type,Q048,Low-fat or Lite,response,
ch.nofat,cheese type: Nonfat,scn1,type,Q048,Fat Free,response,
ch.none,cheese type: None,scn1,type,Q048,None,response,
ch.pt,cheese type: passthru,scn1,passthru,Q048,,passthru,
fpt,Fruits Passthru,scn1,passthru,Q049,,response,
raisgrp,Raisins or grapes,scn1,frequency,Q050,,response,
prun,Prunes or dried plums,scn1,frequency,Q051,,response,
ban,Bananas or plantain,scn1,frequency,Q052,,response,
cant,Cantaloupe,scn1,frequency,Q053,,response,
avocado,Avocado,scn1,frequency,Q054,,response,
apple,Fresh apples or pears,scn1,frequency,Q055,,response,
a.j,Apple juice or cider,scn1,frequency,Q056,,response,
tangerine,"Tangerines, clementines, mandarine oranges",scn1,frequency,Q057,,response,
orang,Oranges,scn1,frequency,Q058,,response,
o.j.ca.d,Orange juice- calcium or vit d fort.,scn1,frequency,Q059,,response,
o.j,Orange juice- regular (not fort.),scn1,frequency,Q060,,response,
grfrt,Grapefruit or Grapefruit juice,scn1,frequency,Q061,,response,
oth.f.j,Other fruit juices,scn1,frequency,Q062,,response,
straw,Strawberries,scn1,frequency,Q063,,response,
blue,Blueberries,scn1,frequency,Q064,,response,
peaches,Peaches or plums,scn1,frequency,Q065,,response,
apricot,"Apricots, fresh or canned",scn1,frequency,Q066,,response,
vpt,Vegetables Passthru,scn1,passthru,Q067,,response,
tom,"Tomatoes, 2 slices",scn1,frequency,Q068,,response,
tom.j,Tomato juice or V-8,scn1,frequency,Q069,,response,
tom.s,Tomato sauce,scn1,frequency,Q070,,response,
salsa,"Salsa, picante or taco sauce",scn1,frequency,Q071,,response,
st.beans,String beans,scn1,frequency,Q072,,response,
humus,"Hummus, garbanzo or chickpeas",scn1,frequency,Q073,,response,
beans,Beans or lentils,scn1,frequency,Q074,,response,
tofu,"Soy burger, tofu,miso or other soy protein",scn1,frequency,Q075,,response,
plant.burg,Other Plant-based Burger,scn1,frequency,Q076,,response,
peas,Peas or lima beans or soup,scn1,frequency,Q077,,response,
broc,Broccoli,scn1,frequency,Q078,,response,
caul,Cauliflower,scn1,frequency,Q079,,response,
cabb,"Coleslaw, cabbage",scn1,frequency,Q080,,response,
brusl,Brussels sprouts,scn1,frequency,Q081,,response,
carrot.r,Raw Carrots,scn1,frequency,Q082,,response,
carrot.c,Cooked Carrots,scn1,frequency,Q083,,response,
corn,Corn,scn1,frequency,Q084,,response,
mix.veg,Mixed vegetables,scn1,frequency,Q085,,response,
swt.pot,"Yams or sweet potatoes, include sweet potato fries",scn1,frequency,Q086,,response,
yel.sqs,Dark Orange (winter) squash,scn1,frequency,Q087,,response,
zuke,"Eggplant, zucchini",scn1,frequency,Q088,,response,
kale,"Kale, arugula or mustard greens",scn1,frequency,Q089,,response,
spin.ckd,"Spinach, cooked",scn1,frequency,Q090,,response,
spin.raw,"Spinach, raw",scn1,frequency,Q091,,response,
ice.let,Iceberg or head lettuce,scn1,frequency,Q092,,response,
rom.let,Romaine or leaf lettuce,scn1,frequency,Q093,,response,
peppers,Green/yellow/red peppers,scn1,frequency,Q094,,response,
onions,Onion as a garnish,scn1,frequency,Q095,,response,
onions1,Onion as a vegetable,scn1,frequency,Q096,,response,
eggspt,Eggs Passthru,scn1,passthru,Q097,,response,
eggs.omega,"Eggs, Omega-3 fortified, incl yolk",scn1,frequency,Q098,,response,
eggs,"Eggs, regular, incl yolk",scn1,frequency,Q099,,response,
hotdog,Beef Hot dogs,scn1,frequency,Q100,,response,
chix.dog,"Chicken or turkey hot dogs, sausage or bacon",scn1,frequency,Q101,,response,
chix.no.sand,Chicken/turkey sandwich/frozen dinner,scn1,frequency,Q102,,response,
chix.sk,"Chicken or turkey, with skin",scn1,frequency,Q103,,response,
chix.no,"Chicken or turkey, without skin",scn1,frequency,Q104,,response,
bacon,Bacon (exclude turkey bacon),scn1,frequency,Q105,,response,
blank3,filler,scn1,filler,,,,
mpt,"eggom18dats, etc. - Passthru",scn1,passthru,Q106,,response,"dictionary label 'eggom18dats, etc. - Passthru' = Meat, Fish section passthru"
bologna,"Salami, bologna or other processed meat sandwiches",scn1,frequency,Q107,,response,
proc.mts,Sausage or kielbasa (pork or beef),scn1,frequency,Q108,,response,
xtrlean.hamburg,"Hamburger, lean or extra lean",scn1,frequency,Q109,,response,
hamb,"Hamburger, regular",scn1,frequency,Q110,,response,
sand.bf.ham,"Beef, pork or lamb as a sandwich",scn1,frequency,Q111,,response,
pork,Pork as a main dish,scn1,frequency,Q112,,response,
beef,Beef or lamb as a main dish,scn1,frequency,Q113,,response,
tuna,Canned tuna,scn1,frequency,Q114,,response,
fr.fish.kids,"Breaded fish cakes, pieces",scn1,frequency,Q115,,response,
shrimp.ckd,"Shrimp, crab, scallops, clams",scn1,frequency,Q116,,response,
dk.fish,Dark meat fish,scn1,frequency,Q117,,response,
oth.fish,Other fish,scn1,frequency,Q118,,response,
bpt,Breads: Passthru,scn1,passthru,Q119,,response,
cold.cer,Cold breakfast cereal,scn1,frequency,Q120,,response,
oatmeal.bran,Cooked oatmeal,scn1,frequency,Q121,,response,
ckd.cer,Other cooked brkfst cereal,scn1,frequency,Q122,,response,
wh.br,"White, wheat, oatmeal (not whole grain) bread",scn1,frequency,Q123,,response,
rye.br,Rye/pumpernickel bread,scn1,frequency,Q124,,response,
dk.br,Whole wheat/whole grain oat/whole multigrain bread,scn1,frequency,Q125,,response,
crax.ww,"Crackers, whole grain/whole wheat",scn1,frequency,Q126,,response,
crax.oth,"Crackers, other",scn1,frequency,Q127,,response,
eng.muff,Bagels/English muffins/rolls,scn1,frequency,Q128,,response,
muffin,Muffins or biscuits,scn1,frequency,Q129,,response,
pancak.all,Pancakes or waffles,scn1,frequency,Q130,,response,
br.rice,Brown rice,scn1,frequency,Q131,,response,
wh.rice,White rice,scn1,frequency,Q132,,response,
pasta.ww,Pasta: Whole Wheat,scn1,frequency,Q133,,response,
pasta,Pasta: Other,scn1,frequency,Q134,,response,
quinoa,Other Whole Grain,scn1,frequency,Q135,,response,
tortillas,Tortillas,scn1,frequency,Q136,,response,
ff.pot,"French fried potatoes, exclude sweet potato fries",scn1,frequency,Q137,,response,
pot,"Potatoes baked, boiled, mashed",scn1,frequency,Q138,,response,
snack.chip,Potato chips or corn chips,scn1,frequency,Q139,,response,
pizza.f.r,Pizza,scn1,frequency,Q140,,response,
bvpt,Beverages Passthru,scn1,passthru,Q141,,response,
dietsoda.caf,Low calorie bev w caffeine,scn1,frequency,Q142,,response,
dietsoda.nocaf,Oth Low cal bev without caffeine,scn1,frequency,Q143,,response,
coke,Carbonated bev with caf and sugar,scn1,frequency,Q144,,response,
soda.nocaf,Oth carbonated bev with sugar,scn1,frequency,Q145,,response,
punch,"Oth sugared bev: Punch, lemonade, etc.",scn1,frequency,Q146,,response,
beer,"Beer, regular, light or hard cider",scn1,frequency,Q147,,response,
r.wine,Red wine,scn1,frequency,Q148,,response,
w.wine,White wine,scn1,frequency,Q149,,response,
liq,Liquor,scn1,frequency,Q150,,response,
h2o,Plain water,scn1,frequency,Q151,,response,
tea.decaf,Decaffeinated tea (exclude Herbal Tea),scn1,frequency,Q152,,response,
tea,Tea,scn1,frequency,Q153,,response,
decaf,Decaffeinated coffee,scn1,frequency,Q154,,response,
coff,Coffee,scn1,frequency,Q155,,response,
coff.drink,Dairy Coffee Drink,scn1,frequency,Q156,,response,
blank4,filler,scn1,filler,,,,
spt,Sweets: Passthru,scn1,passthru,Q157,,response,
choc,Milk chocolate,scn1,frequency,Q158,,response,
choc.dark,Dark chocolate,scn1,frequency,Q159,,response,
candy.nuts,Candy bars,scn1,frequency,Q160,,response,
candy,Candy without chocolate,scn1,frequency,Q161,,response,
coox.brn,"Cookies or Brownies, ready-made",scn1,frequency,Q162,,response,
coox.brn.home,"Cookies or Brownies, home-baked",scn1,frequency,Q163,,response,
donut,Doughnuts,scn1,frequency,Q164,,response,
cake.frost,"Cake, homemade or ready made",scn1,frequency,Q165,,response,
pie.comm,"Pie, homemade or ready made",scn1,frequency,Q166,,response,
jam,"Jams, jellies",scn1,frequency,Q167,,response,
p.bu,Peanut butter or other nut butter,scn1,frequency,Q168,,response,
popc,"Popcorn, regular, fat free or light",scn1,frequency,Q169,,response,
s.roll.c,Sweetroll,scn1,frequency,Q170,,response,
snack.bar,Snack bars,scn1,frequency,Q171,,response,
energy.bar,Energy bars,scn1,frequency,Q172,,response,
diet.drk,"Diet nutrion Drinks (Slimfast, ...)",scn1,frequency,Q173,,response,
meal.rpl.drk,Ensure,scn1,frequency,Q174,,response,
pretzel,Pretzels,scn1,frequency,Q175,,response,
nuts,Peanuts,scn1,frequency,Q176,,response,
walnuts,Walnuts,scn1,frequency,Q177,,response,
oth.nuts,Other nuts,scn1,frequency,Q178,,response,
dr.cranb,Dried cranberries,scn1,frequency,Q179,,response,
mix.dr.frt,Mixed dried fruits,scn1,frequency,Q180,,response,
oth.bran,Oat bran / Other Bran,scn1,frequency,Q181,,response,
chowder,Chowder or cream soup,scn1,frequency,Q182,,response,
tom.soup,Tomato soup,scn1,frequency,Q183,,response,
catsup,Ketchup,scn1,frequency,Q184,,response,
flax,Flaxseed,scn1,frequency,Q185,,response,
seeds,"Seeds: Pumpkin,sunflower",scn1,frequency,Q186,,response,
garlic2,Garlic,scn1,frequency,Q187,,response,
olives,"Olives, any type",scn1,frequency,Q188,,response,
olive.oil,Olive oil added to food or bread,scn1,frequency,Q189,,response,
mayo.d,Low fat or olive oil mayonnaise,scn1,frequency,Q190,,response,
mayo,Mayonnaise,scn1,frequency,Q191,,response,
o.v,Salad dressing,scn1,frequency,Q192,,response,
dress.nofat,"Salad dressing type, nonfat",scn1,type,Q193,Nonfat,response,
dress.lofat,"Salad dressing type, lofat",scn1,type,Q193,Low-fat,response,
dress.olive,"Salad dressing type, olive",scn1,type,Q193,Olive oil,response,
dress.other,"Salad dressing type, regular",scn1,type,Q193,"Regular (e.g., Italian, Ranch)",response,
dress.pt,"Salad dressing type, passthru",scn1,passthru,Q193,,passthru,
artif.sweet,Artificial sweeteners,scn1,frequency,Q194,,response,
as.sp,"Type of art sweetener, Splenda",scn1,type,Q195,Splenda,response,
as.eq,"Type of art sweetener, Equal",scn1,type,Q195,Equal,response,
as.ns,"Type of art sweetener, NutraSweet",scn1,type,Q195,NutraSweet,response,
as.sl,"Type of art sweetener, Sweet N Low",scn1,type,Q195,Sweet'N Low,response,
as.tr,"Type of art sweetener, Truvia",scn1,type,Q195,Truvia,response,
as.st,"Type of art sweetener, Stevia",scn2,type,Q195,Stevia,response,
as.pt,"Type of art sweetener, passthru",scn2,passthru,Q195,,passthru,
liver.pt,Liver Passthru,scn2,passthru,Q196,,response,
liver,"Beef, calf, or pork liver",scn2,liver,Q197,,response,
chix.liver,Chicken or turkey liver,scn2,liver,Q198,,response,
ffh,Fried Food at home,scn2,behavior,Q199,,response,
fb,Real butter for frying,scn2,type,Q200,Real butter,response,
fm,margarine for frying,scn2,type,Q200,Margarine,response,
foo,Olive oil for frying,scn2,type,Q200,Olive oil,response,
fvo,vegetable oil for frying,scn2,type,Q200,Vegetable oil,response,
fsh,vegetable shortening for frying,scn2,type,Q200,Veg. shortening,response,
fl,lard for frying,scn2,type,Q200,Lard,response,
fna,frying: Not Applicable,scn2,type,Q200,N/A,response,
ffpt,Frying Passthru,scn2,passthru,Q200,,passthru,
bb,Butter for baking,scn2,type,Q201,Real butter,response,
bm,Margarine for baking,scn2,type,Q201,Margarine,response,
boo,Olive oil for baking,scn2,type,Q201,Olive oil,response,
bvo,Veg Oil for baking,scn2,type,Q201,Vegetable oil,response,
bsh,Veg Shortening for baking,scn2,type,Q201,Veg. shortening,response,
bl,Lard for baking,scn2,type,Q201,Lard,response,
bna,Baking: Not Applicable,scn2,type,Q201,N/A,response,
bapt,Fat for Baking Passthru,scn2,passthru,Q201,,passthru,
oilpt,OIL Passthru,scn2,passthru,Q203,,passthru,
avocado.oil,Cooking oil. Avocado,scn2,type,Q203,AVO (avocado),response,
blend.oil,Cooking oil. Blend,scn2,type,Q203,BLE (blend),response,
rapeseed,Cooking oil. Canola,scn2,type,Q203,CAN (canola),response,code CAN (Canola)
co,Cooking oil. Coconut,scn2,type,Q203,COC (coconut),response,
c,Cooking oil. Corn,scn2,type,Q203,COR (corn),response,
grape,Cooking oil. Grapeseed,scn2,type,Q203,GRS (grapeseed),response,
o,Cooking oil. Olive,scn2,type,Q203,OLV (olive),response,
pn,Cooking oil. Peanut,scn2,type,Q203,PEA (peanut),response,
sf,Cooking oil. Safflower,scn2,type,Q203,SAF (safflower),response,
sesame,Cooking oil. Sesame,scn2,type,Q203,SES (sesame),response,
sn,Cooking oil. Sunflower,scn2,type,Q203,SUN (sunflower),response,
walnut,Cooking oil.,scn2,type,Q203,WAL (walnut),response,
soy.90,Cooking oil. Vegetable,scn2,type,Q203,VEG (vegetable),response,code VEG (Vegetable)
blank5,filler,scn2,filler,,,,
ffa,Deep fried food away from home,scn2,behavior,Q204,,response,
toast,"Toasted breads, bagel or Eng muffin",scn2,behavior,Q205,,response,
diet.carb,Diet: Low Carb,scn2,diet,Q206,"Low carb (Atkins, Paleo, etc.)",response,
diet.keto,Diet: Keto,scn2,diet,Q206,KETO,response,
diet.vegan,Diet: Vegan,scn2,diet,Q206,Vegan,response,
diet.veg,Diet: Vegetarian,scn2,diet,Q206,Vegetarian,response,
diet.gf,Diet: Gluten Free,scn2,diet,Q206,Gluten free,response,
diet.fat,Diet: Low Fat,scn2,diet,Q206,Low fat,response,
diet.na,Diet: Low Sodium,scn2,diet,Q206,Low sodium,response,
diet.cal,Diet: Low Calorie,scn2,diet,Q206,Low calorie,response,
diet.ww,Diet: Weight Watchers,scn2,diet,Q206,Weight Watchers,response,
diet.dm,Diet: Diabetic,scn2,diet,Q206,Diabetic,response,
diet.fast,Diet: Intermittent fasting,scn2,diet,Q206,Intermittent fasting,response,
diet.dash,Diet: DASH,scn2,diet,Q206,DASH,response,
diet.med,Diet: Mediterranean,scn2,diet,Q206,Mediterranean,response,
diet.oth,Diet: Other,scn2,diet,Q206,Other,response,
diet.none,Diet: None,scn2,diet,Q206,None,response,
dietpt,Diet Passthru,scn2,passthru,Q206,,passthru,
