var,item,item_type,search_terms,exclude,food_group,portion,matched_food_item,match_score,portion_fix,review,note
id,ID Number,id,,,,,,,,,
sug,Sugar in Teaspoons/day,amount,,,,,,,,,
blank2,filler,filler,,,,,,,,,
multvit,Currently take multi-vitamin?,supplement,,,,,,,,,
mulfrq,How many multi-vit per week?,supplement,,,,,,,,,
gummy.type,Is this usually a gummy vitamin,supplement,,,,,,,,,
other.type,"Labeled for Men, Women or Both",supplement,,,,,,,,,
centrum.silver,Centrum Silver,supplement,,,,,,,,,
centrum,Centrum,supplement,,,,,,,,,
oneaday,One a day,supplement,,,,,,,,,
teen.vit,One a day Teens or equivalent,supplement,,,,,,,,,
kids.vit,Flintstones or Kids Multi equiv,supplement,,,,,,,,,
prenatal,Prenatal,supplement,,,,,,,,,
areds,Eye Health,supplement,,,,,,,,,
veg.vit,Whole Foods/Vegetarian/Fruit Bites,supplement,,,,,,,,,
other.mvmin,Other mult vit w minerals,supplement,,,,,,,,,
other.mvnomin,Other mult vit wo minerals,supplement,,,,,,,,,
other.mv,Other mult. vit,supplement,,,,,,,,,
brndpt,"Multi-vit, brand  PTB",passthru,,,,,,,,,
vitamin.a,Vitamin A,supplement,,,,,,,,,
ad,"Vitamin A, dose per day",supplement,,,,,,,,,
k,Potassium,supplement,,,,,,,,,
kd,"Potassium, dose per day",supplement,,,,,,,,,
vitamin.c,Vitamin C,supplement,,,,,,,,,
cd,"Vitamin C, dose per day",supplement,,,,,,,,,
b6,Vitamin B-6,supplement,,,,,,,,,
b6d,"Vitamin B-6, dose per day",supplement,,,,,,,,,
vitamin.e,Vitamin E,supplement,,,,,,,,,
ed,"Vitamin E, dose per day",supplement,,,,,,,,,
etype,"Vitamin E, type",supplement,,,,,,,,,
calcium,Calcium,supplement,,,,,,,,,
cad,"Elemental Calcium, dose per day",supplement,,,,,,,,,
vitamin.d,Vitamin D,supplement,,,,,,,,,
vitdd,"Vitamind D, dose per day",supplement,,,,,,,,,
zinc,Zinc,supplement,,,,,,,,,
znd,"Zinc, dose per day",supplement,,,,,,,,,
metamucil,Metamucil (Citrucel),supplement,,,,,,,,,
bcompl.06,B-complex,supplement,,,,,,,,,
linseed,Flax Seed Oil,supplement,,,,,,,,,
bcar,Betacarotene,supplement,,,,,,,,,
iron,Iron,supplement,,,,,,,,,
b12,Vitamin B12,supplement,,,,,,,,,
magnesium,Magnesium,supplement,,,,,,,,,
niacin2,Niacin,supplement,,,,,,,,,
folic.acid,Folic acid,supplement,,,,,,,,,
omega.3.epa,Fish oil,supplement,,,,,,,,,
lyco,Lycopene,supplement,,,,,,,,,
gluchon,Glucosamine/Chondroitin,supplement,,,,,,,,,
coq10,Coenzyme Q10,supplement,,,,,,,,,
cod.liv.oil,Cod liver oil,supplement,,,,,,,,,
sel,Selenium,supplement,,,,,,,,,
others,Other vitamins,supplement,,,,,,,,,
probiotics,Probiotics,supplement,,,,,,,,,
biotin,Biotin,supplement,,,,,,,,,
tumeric,Tumeric/Curcumin,supplement,,,,,,,,,
otherptb,Supplements passthru,passthru,,,,,,,,,
sugcht,Sugar cheat bubble,other,,,,,,,,check,unclassified - set item_type by hand
cerpt,No Cereal,passthru,,,,,,,,,
cer,Cereal Brand,type,,,,,,,,,
c.flk.K,Corn Flakes,type,,,,,,,,,
cheerio,Cheerios,type,,,,,,,,,
fr.miniwht,Frosted Mini Wheats,type,,,,,,,,,
natural.q,Granola,type,,,,,,,,,
hon.bun.oats,Honey Bunch of Oats,type,,,,,,,,,
spec.k,Special K,type,,,,,,,,,
rz.b.k,Raisin Bran,type,,,,,,,,,
sh.wht,Shredded Wheat,type,,,,,,,,,
dpt,Passthru,passthru,,,,,,,,,
skim.kids,Skim milk,frequency,skim milk,,Dairy Foods,8 oz glass,Skim milk,100.0,,,
milk2,Milk - 1 or  2%,frequency,low fat 1% milk; reduced fat 2% milk,,Dairy Foods,8 oz glass,1 or 2% milk,100.0,,,
milk,Whole milk,frequency,whole milk,,Dairy Foods,8 oz glass,Whole milk,100.0,,,
almond.milk,Almond milk,frequency,almond milk,,Dairy Foods,8 oz glass,Almond milk,100.0,,,
soymilk.fort,Soy milk,frequency,soy milk,,Dairy Foods,8 oz glass,Soy milk,100.0,,,
plant.milk,Other Plant-based Milk,frequency,oat milk; rice milk; coconut milk beverage,,Dairy Foods,8 oz glass,Other plant-based milk,100.0,,check,generic 'other plant-based milk'; pick representative foods
cream,"Cream (coffee,sour)",frequency,half and half cream; sour cream,fat free,Dairy Foods,1 Tbsp,"Cream (coffee/sour, exclude fat free)",100.0,,,
cof.wht,Non-dairy whitener,frequency,nondairy coffee creamer,fat free,Dairy Foods,1 Tbsp,Non-dairy coffee whitener (exclude fat free),100.0,,,
yogurt.frozen,"Frozen yogurt,sorbet, Sherbet,low fat ice cream",frequency,frozen yogurt; sorbet; sherbet; light ice cream,,Dairy Foods,1 cup,Frozen yogurt / sherbet / low-fat ice cream,100.0,,,
ice.cr,Regular ice cream,frequency,ice cream,,Dairy Foods,1 cup,Regular ice cream,100.0,,,
bu,Spreads: Butter or ghee,frequency,butter; ghee,,Dairy Foods,,Pure butter or ghee (spread),85.0,,check,no portion in master_food_table
margarine,Spreads: Margarine,frequency,margarine,,Dairy Foods,,Margarine (spread),96.0,,check,no portion in master_food_table
spread.bu,Spreads: Butter with added oil (spreadable butter),frequency,butter blend spread,,Dairy Foods,,Butter with added oil (spread),,no match,check,spreadable butter (butter + oil); no portion in master_food_table
yog.plain,"Yogurt, plain",frequency,plain yogurt,,Dairy Foods,4–6 oz,Yogurt - Plain,100.0,,,
yog.lt,"Yogurt, artificially sweetened",frequency,light yogurt,,Dairy Foods,4–6 oz,Yogurt - Artificially sweetened,,was: Yogurt - Sweetened,check,artificially sweetened; check FNDDS wording
yog,"Yogurt, sweetened",frequency,fruit yogurt,,Dairy Foods,4–6 oz,Yogurt - Sweetened,,was: Yogurt - Artificially sweetened,,
yog.greek,Greek Yogurt TYPE,type,,,,,,,,,
yog.reg,Regular Yogurt TYPE,type,,,,,,,,,
yog.full,Full fat Yogurt TYPE,type,,,,,,,,,
yog.low,Reduced fat Yogurt TYPE,type,,,,,,,,,
yog.pt,Yogurt type Passthru,passthru,,,,,,,,,
cot.ch,Cottage or ricotta cheese,frequency,cottage cheese; ricotta cheese,,Dairy Foods,1/2 cup,Cottage or ricotta cheese,100.0,,,
cr.ch,Cream cheese,frequency,cream cheese,,Dairy Foods,1 oz,Cream cheese,100.0,,,
oth.ch,Other cheese,frequency,cheddar cheese; mozzarella cheese; swiss cheese,,Dairy Foods,1 slice or 1 oz,"Other cheese (American, cheddar, etc.)",100.0,,check,generic 'other cheese'; pick representative foods
ch.reg,cheese type: Regular,type,,,,,,,,,
ch.lofat,cheese type: Low fat or Lite,type,,,,,,,,,
ch.nofat,cheese type: Nonfat,type,,,,,,,,,
ch.none,cheese type: None,type,,,,,,,,,
ch.pt,cheese type: passthru,passthru,,,,,,,,,
fpt,Fruits Passthru,passthru,,,,,,,,,
raisgrp,Raisins or grapes,frequency,raisins; grapes,,Fruits,1 oz or 1/2 cup,Raisins or grapes,100.0,,,
prun,Prunes or dried plums,frequency,prunes,,Fruits,1/2 cup or 1/4 cup dried,Prunes or dried plums (canned or dried),100.0,,,
ban,Bananas or plantain,frequency,banana; plantain,,Fruits,1 or 1/2,Bananas,100.0,,,
cant,Cantaloupe,frequency,cantaloupe,,Fruits,1/4 melon,Cantaloupe,100.0,,,
avocado,Avocado,frequency,avocado,,Fruits,1/2 fruit or 1/2 cup,Avocado,100.0,,,
apple,Fresh apples or pears,frequency,raw apple; raw pear,juice; sauce,Fruits,1,Fresh apples or pears,100.0,,,
a.j,Apple juice or cider,frequency,apple juice; apple cider,,Fruits,Small glass,Apple juice or cider,100.0,,,
tangerine,"Tangerines, clementines, mandarine oranges",frequency,tangerine; clementine; mandarin orange,,Fruits,1,Tangerines / clementines / mandarin oranges,,was: Oranges,,
orang,Oranges,frequency,raw orange,juice,Fruits,1,Oranges,,was: Tangerines / clementines / mandarin oranges,,
o.j.ca.d,Orange juice- calcium or vit d fort.,frequency,calcium fortified orange juice; vitamin D fortified orange juice,,Fruits,Small glass,Orange juice (calcium or vitamin D fortified),,no match,,
o.j,Orange juice- regular (not fort.),frequency,orange juice,fortified,Fruits,Small glass,"Orange juice (regular, not fortified)",92.0,,,
grfrt,Grapefruit or Grapefruit juice,frequency,grapefruit; grapefruit juice,,Fruits,1/2 or small glass,Grapefruit or grapefruit juice,100.0,,,
oth.f.j,Other fruit juices,frequency,fruit juice; grape juice; cranberry juice,orange; apple; grapefruit,Fruits,Small glass,"Other fruit juices (cranberry, grape)",100.0,,check,generic 'other fruit juices'
straw,Strawberries,frequency,strawberries,,Fruits,1/2 cup,"Strawberries (fresh, frozen, or canned)",100.0,,,
blue,Blueberries,frequency,blueberries,,Fruits,1/2 cup,"Blueberries (fresh, frozen, or canned)",100.0,,,
peaches,Peaches or plums,frequency,peach; plum,,Fruits,1 fresh or 1/2 cup canned,Peaches or plums (fresh or canned),100.0,,,
apricot,"Apricots, fresh or canned",frequency,raw apricot; canned apricot,,Fruits,1 fresh or 1/2 cup canned or 5 dried,Apricots,100.0,,,
vpt,Vegetables Passthru,passthru,,,,,,,,,
tom,"Tomatoes, 2 slices",frequency,raw tomato,juice; sauce; soup,Vegetables,2 slices,Tomatoes,100.0,,,
tom.j,Tomato juice or V-8,frequency,tomato juice; vegetable juice,,Vegetables,Small glass,Tomato juice or V-8 juice,100.0,,,
tom.s,Tomato sauce,frequency,tomato sauce,,Vegetables,1/2 cup,Tomato sauce,100.0,,,
salsa,"Salsa, picante or taco sauce",frequency,salsa; taco sauce,,Vegetables,1/4 cup,Salsa / picante / taco sauce,100.0,,,
st.beans,String beans,frequency,green beans,,Vegetables,1/2 cup,String beans,100.0,,,
humus,"Hummus, garbanzo or chickpeas",frequency,hummus; chickpeas,,Vegetables,1/4–1/2 cup,Hummus / garbanzo / chickpeas,100.0,,,
beans,Beans or lentils,frequency,beans; lentils,,Vegetables,1/2 cup or soup,Beans / lentils / baked / chili,100.0,,,
tofu,"Soy burger, tofu,miso or other soy protein",frequency,tofu; soy burger; miso,,Vegetables,1 patty,Soy burger / tofu / soy protein,100.0,,,
plant.burg,Other Plant-based Burger,frequency,veggie burger,,Vegetables,1 patty,Other plant-based burger,100.0,,check,generic 'other plant-based burger'
peas,Peas or lima beans or soup,frequency,green peas; lima beans; split pea soup,,Vegetables,1/2 cup,Peas or lima beans,100.0,,check,'or soup' in label - confirm which soup
broc,Broccoli,frequency,broccoli,,Vegetables,1/2 cup,Broccoli,100.0,,,
caul,Cauliflower,frequency,cauliflower,,Vegetables,1/2 cup,Cauliflower,100.0,,,
cabb,"Coleslaw, cabbage",frequency,coleslaw; cabbage,,Vegetables,1/2 cup,Cabbage or coleslaw,100.0,,,
brusl,Brussels sprouts,frequency,brussels sprouts,,Vegetables,1/2 cup,Brussels sprouts,100.0,,,
carrot.r,Raw Carrots,frequency,raw carrots,,Vegetables,1/2 cup or 2–4 sticks,Carrots (raw),100.0,,,
carrot.c,Cooked Carrots,frequency,cooked carrots,,Vegetables,1/2 cup or 2–3 oz,Carrots (cooked) or carrot juice,100.0,,,
corn,Corn,frequency,corn,,Vegetables,1 ear or 1/2 cup,Corn,,was: Potato chips or corn/tortilla chips,,
mix.veg,Mixed vegetables,frequency,mixed vegetables,,Vegetables,1/2 cup or soup,Mixed or stir fry vegetables,100.0,,,
swt.pot,"Yams or sweet potatoes, include sweet potato fries",frequency,sweet potato; yam; sweet potato fries,,Vegetables,1/2 cup,Yams or sweet potatoes,100.0,,,
yel.sqs,Dark Orange (winter) squash,frequency,winter squash,,Vegetables,1/2 cup,Dark orange winter squash,100.0,,,
zuke,"Eggplant, zucchini",frequency,eggplant; zucchini,,Vegetables,1/2 cup,Eggplant / zucchini / summer squash,100.0,,,
kale,"Kale, arugula or mustard greens",frequency,kale; arugula; mustard greens,,Vegetables,1/2 cup,Kale / arugula / mustard greens,100.0,,,
spin.ckd,"Spinach, cooked",frequency,cooked spinach,,Vegetables,1/2 cup,Spinach (cooked),100.0,,,
spin.raw,"Spinach, raw",frequency,raw spinach,,Vegetables,1 cup,Spinach (raw / salad),100.0,,,
ice.let,Iceberg or head lettuce,frequency,iceberg lettuce,,Vegetables,1 serving,Iceberg or head lettuce,100.0,,,
rom.let,Romaine or leaf lettuce,frequency,romaine lettuce; leaf lettuce,,Vegetables,1 serving,Romaine or leaf lettuce,100.0,,,
peppers,Green/yellow/red peppers,frequency,green pepper; red pepper; yellow pepper,,Vegetables,1/4 small,Peppers (green / yellow / red),100.0,,,
onions,Onion as a garnish,frequency,raw onion,,Vegetables,1 slice,Onions as garnish or salad,,no match,,
onions1,Onion as a vegetable,frequency,cooked onion,,Vegetables,1/2 cup or soup,Onions cooked or rings,,no match,,
eggspt,Eggs Passthru,passthru,,,,,,,,,
eggs.omega,"Eggs, Omega-3 fortified, incl yolk",frequency,whole egg,,"Eggs, Meat, Etc.",1 egg,Eggs – Omega‑3 fortified including yolk,100.0,,check,omega-3 fortified eggs; FNDDS may not distinguish
eggs,"Eggs, regular, incl yolk",frequency,whole egg,,"Eggs, Meat, Etc.",1 egg,Eggs – Regular eggs including yolk,100.0,,,
hotdog,Beef Hot dogs,frequency,beef hot dog,,"Eggs, Meat, Etc.",1,Beef hot dogs,100.0,,,
chix.dog,"Chicken or turkey hot dogs, sausage or bacon",frequency,chicken hot dog; turkey hot dog; sausage; bacon,,"Eggs, Meat, Etc.",1 or bacon (2 slices),Chicken or turkey hot dogs / sausage,100.0,,,
chix.no.sand,Chicken/turkey sandwich/frozen dinner,frequency,chicken sandwich; turkey sandwich; chicken frozen dinner,,"Eggs, Meat, Etc.",1,Chicken/turkey sandwich or frozen dinner,100.0,,,
chix.sk,"Chicken or turkey, with skin",frequency,skin eaten chicken; skin eaten turkey,,"Eggs, Meat, Etc.",3 oz,Other chicken or turkey with skin (incl. ground),,was: Other chicken or turkey without skin,,
chix.no,"Chicken or turkey, without skin",frequency,skin not eaten chicken; skin not eaten turkey,,"Eggs, Meat, Etc.",3 oz,Other chicken or turkey without skin,,was: Other chicken or turkey with skin (incl. ground),,
bacon,Bacon (exclude turkey bacon),frequency,pork bacon,turkey,"Eggs, Meat, Etc.",2 slices,Bacon (exclude turkey bacon),100.0,,,
blank3,filler,filler,,,,,,,,,
mpt,"eggom18dats, etc. - Passthru",passthru,,,,,,,,,
bologna,"Salami, bologna or other processed meat sandwiches",frequency,salami; bologna,,"Meat, Fish",1 sandwich,Salami / bologna / other processed meat sandwiches,100.0,,,
proc.mts,Sausage or kielbasa (pork or beef),frequency,pork sausage; beef sausage; kielbasa,,"Meat, Fish",2 oz or 2 links,Sausage or kielbasa (pork or beef),100.0,,,
xtrlean.hamburg,"Hamburger, lean or extra lean",frequency,lean ground beef; extra lean ground beef,,"Meat, Fish",1 patty,Hamburger – Lean or extra lean,100.0,,,
hamb,"Hamburger, regular",frequency,regular ground beef,,"Meat, Fish",1 patty,Hamburger – Regular,100.0,,,
sand.bf.ham,"Beef, pork or lamb as a sandwich",frequency,roast beef sandwich; ham sandwich; lamb,,"Meat, Fish",1 serving,Beef / pork / lamb as sandwich or mixed dish,96.0,,check,'as sandwich or mixed dish' - check candidates
pork,Pork as a main dish,frequency,pork chop; ham,,"Meat, Fish",4–6 oz,Pork as a main dish (ham or chops),100.0,,,
beef,Beef or lamb as a main dish,frequency,beef steak; beef roast; lamb,,"Meat, Fish",4–6 oz,Beef or lamb as a main dish (steak / roast),100.0,,,
tuna,Canned tuna,frequency,canned tuna,,"Meat, Fish",3–4 oz,Canned tuna fish,100.0,,,
fr.fish.kids,"Breaded fish cakes, pieces",frequency,fish sticks; fish cake,,"Meat, Fish",1 serving,Breaded fish / fish sticks (store bought),,no match,,
shrimp.ckd,"Shrimp, crab, scallops, clams",frequency,shrimp; crab; scallops; clams,,"Meat, Fish",1 serving,"Shellfish (shrimp, crab, scallops, clams) as main dish",100.0,,,
dk.fish,Dark meat fish,frequency,salmon; mackerel; sardines; swordfish; bluefish,,"Meat, Fish",3–5 oz,"Dark meat fish (tuna steak, mackerel, salmon, sardines, bluefish, swordfish)",100.0,,,
oth.fish,Other fish,frequency,cod; haddock; halibut,,"Meat, Fish",3–5 oz,"Other fish (cod, haddock, halibut)",100.0,,,
bpt,Breads: Passthru,passthru,,,,,,,,,
cold.cer,Cold breakfast cereal,frequency,ready-to-eat cereal,,"Breads, Cereals, Starches",1 serving,Cold breakfast cereal,100.0,,check,generic; brand-specific cereals are separate type variables
oatmeal.bran,Cooked oatmeal,frequency,cooked oatmeal,,"Breads, Cereals, Starches",1 cup,Cooked oatmeal / cooked oat bran (including instant),100.0,,,
ckd.cer,Other cooked brkfst cereal,frequency,grits; cream of wheat,,"Breads, Cereals, Starches",1 cup,Other cooked breakfast cereal (including grits),,no match,,
wh.br,"White, wheat, oatmeal (not whole grain) bread",frequency,white bread; wheat bread; oatmeal bread,whole,"Breads, Cereals, Starches",1 slice,Bread / Pita – White / wheat / oatmeal (not whole grain),100.0,,,
rye.br,Rye/pumpernickel bread,frequency,rye bread; pumpernickel bread,,"Breads, Cereals, Starches",1 slice,Bread / Pita – Rye / pumpernickel,100.0,,,
dk.br,Whole wheat/whole grain oat/whole multigrain bread,frequency,whole wheat bread; multigrain bread,,"Breads, Cereals, Starches",1 slice,Bread / Pita – Whole wheat / whole grain oat / whole multigrain,100.0,,,
crax.ww,"Crackers, whole grain/whole wheat",frequency,whole wheat crackers,,"Breads, Cereals, Starches",6,Crackers – Whole grain / whole wheat,100.0,,,
crax.oth,"Crackers, other",frequency,crackers,whole,"Breads, Cereals, Starches",6,Crackers – Other crackers,100.0,,,
eng.muff,Bagels/English muffins/rolls,frequency,bagel; english muffin; roll,,"Breads, Cereals, Starches",1,Bagels / English muffins / rolls,100.0,,,
muffin,Muffins or biscuits,frequency,muffin; biscuit,,"Breads, Cereals, Starches",1,Muffins or biscuits,100.0,,,
pancak.all,Pancakes or waffles,frequency,pancakes; waffles,,"Breads, Cereals, Starches",2 small pieces,Pancakes or waffles,100.0,,,
br.rice,Brown rice,frequency,brown rice,,"Breads, Cereals, Starches",1 cup,Brown rice,100.0,,,
wh.rice,White rice,frequency,white rice,,"Breads, Cereals, Starches",1 cup,White rice,100.0,,,
pasta.ww,Pasta: Whole Wheat,frequency,whole wheat pasta,,"Breads, Cereals, Starches",1 cup,"Whole grain pasta (e.g., spaghetti, macaroni)",,no match,,
pasta,Pasta: Other,frequency,pasta,whole,"Breads, Cereals, Starches",1 cup,"Other pasta (white grain, egg noodles, macaroni)",100.0,,,
quinoa,Other Whole Grain,frequency,quinoa; bulgur; barley,,"Breads, Cereals, Starches",1 cup,"Other whole grains (quinoa, barley, spelt, etc.)",,no match,check,generic 'other whole grain'
tortillas,Tortillas,frequency,tortilla; burrito; quesadilla,,"Breads, Cereals, Starches",2,Tortillas / corn or flour / burritos / quesadillas,100.0,,,
ff.pot,"French fried potatoes, exclude sweet potato fries",frequency,french fries,sweet potato,"Breads, Cereals, Starches",6 oz or 1 serving,French fries (exclude sweet potato fries),100.0,,,
pot,"Potatoes baked, boiled, mashed",frequency,baked potato; boiled potato; mashed potatoes,,"Breads, Cereals, Starches",1 or 1 cup mashed,"Potatoes, baked or boiled",100.0,,,
snack.chip,Potato chips or corn chips,frequency,potato chips; corn chips; tortilla chips,,"Breads, Cereals, Starches",Small bag or 1 oz,Potato chips or corn/tortilla chips,,no match,,
pizza.f.r,Pizza,frequency,pizza,,"Breads, Cereals, Starches",2 slices,Pizza,100.0,,,
bvpt,Beverages Passthru,passthru,,,,,,,,,
dietsoda.caf,Low calorie bev w caffeine,frequency,diet cola,caffeine free,Beverages,1 glass / bottle / can,Low-calorie carbonated beverage with caffeine,,was: Other low-calorie carbonated beverage without caffeine,,
dietsoda.nocaf,Oth Low cal bev without caffeine,frequency,caffeine free diet soft drink,,Beverages,1 glass / bottle / can,Other low-calorie carbonated beverage without caffeine,,no match,,
coke,Carbonated bev with caf and sugar,frequency,cola,diet; caffeine free,Beverages,1 glass / bottle / can,Carbonated beverage with caffeine & sugar,,no match,,
soda.nocaf,Oth carbonated bev with sugar,frequency,lemon-lime soft drink; ginger ale,diet,Beverages,1 glass / bottle / can,Other carbonated beverage with sugar,87.0,,,
punch,"Oth sugared bev: Punch, lemonade, etc.",frequency,fruit punch; lemonade; sports drink; sweetened tea,,Beverages,1 glass / bottle,"Other sugar-sweetened beverages (juice drinks, lemonade, sports drinks, sweetened tea)",,no match,,
beer,"Beer, regular, light or hard cider",frequency,beer; light beer; hard cider,,Beverages,1 glass / bottle / can,"Beer (regular, light, or hard cider)",100.0,,,
r.wine,Red wine,frequency,red wine,,Beverages,5 oz glass,Red wine,100.0,,,
w.wine,White wine,frequency,white wine,,Beverages,5 oz glass,White wine,100.0,,,
liq,Liquor,frequency,whiskey; vodka; rum; gin,,Beverages,1 drink or shot,Liquor / spirits / hard seltzer (mixed drinks),100.0,,,
h2o,Plain water,frequency,tap water,,Beverages,8 oz cup,Plain water (still / sparkling / tap),100.0,,,
tea.decaf,Decaffeinated tea (exclude Herbal Tea),frequency,decaffeinated tea,herbal,Beverages,8 oz cup,Decaffeinated tea (exclude herbal),100.0,,,
tea,Tea,frequency,brewed tea,herbal; decaffeinated,Beverages,8 oz cup,Tea with caffeine (including green tea),100.0,,,
decaf,Decaffeinated coffee,frequency,decaffeinated coffee,,Beverages,8 oz cup,Decaffeinated coffee,100.0,,,
coff,Coffee,frequency,brewed coffee,decaffeinated,Beverages,8 oz cup,Coffee with caffeine,,was: Sweet roll / coffee cake / pastry,,
coff.drink,Dairy Coffee Drink,frequency,cappuccino; latte,,Beverages,12 oz,"Dairy coffee drink (hot/cold, e.g., cappuccino)",100.0,,,
blank4,filler,filler,,,,,,,,,
spt,Sweets: Passthru,passthru,,,,,,,,,
choc,Milk chocolate,frequency,milk chocolate,,"Sweets, Baked Goods, Miscellaneous",1 bar or pack,Milk chocolate bar or pack,100.0,,,
choc.dark,Dark chocolate,frequency,dark chocolate,,"Sweets, Baked Goods, Miscellaneous",1 bar,Dark chocolate bar,100.0,,,
candy.nuts,Candy bars,frequency,chocolate candy bar,,"Sweets, Baked Goods, Miscellaneous",1,"Candy bars (Snickers, Milky Way, Reese's)",100.0,,,
candy,Candy without chocolate,frequency,hard candy; gummy candy,chocolate,"Sweets, Baked Goods, Miscellaneous",1 oz,Candy without chocolate,100.0,,,
coox.brn,"Cookies or Brownies, ready-made",frequency,cookie; brownie,,"Sweets, Baked Goods, Miscellaneous",1,Brownies,100.0,,,
coox.brn.home,"Cookies or Brownies, home-baked",frequency,homemade cookie; homemade brownie,,"Sweets, Baked Goods, Miscellaneous",1,Cookies,100.0,,,
donut,Doughnuts,frequency,doughnut,,"Sweets, Baked Goods, Miscellaneous",1,Doughnuts,100.0,,,
cake.frost,"Cake, homemade or ready made",frequency,cake,,"Sweets, Baked Goods, Miscellaneous",1 slice,Cake (homemade or ready-made),100.0,,,
pie.comm,"Pie, homemade or ready made",frequency,pie,,"Sweets, Baked Goods, Miscellaneous",1 slice,Pie (homemade or ready-made),100.0,,,
jam,"Jams, jellies",frequency,jam; jelly,,"Sweets, Baked Goods, Miscellaneous",1 Tbsp,Jams / jellies / preserves / syrup / honey,100.0,,,
p.bu,Peanut butter or other nut butter,frequency,peanut butter; almond butter,,"Sweets, Baked Goods, Miscellaneous",1 Tbsp,Peanut butter or other nut butter,100.0,,,
popc,"Popcorn, regular, fat free or light",frequency,popcorn,,"Sweets, Baked Goods, Miscellaneous",2–3 cups,Popcorn (regular / light / fat free),100.0,,,
s.roll.c,Sweetroll,frequency,sweet roll; danish,,"Sweets, Baked Goods, Miscellaneous",1,Sweet roll / coffee cake / pastry,,no match,,
snack.bar,Snack bars,frequency,granola bar; snack bar,,"Sweets, Baked Goods, Miscellaneous",1,"Snack bars (Kind, Kashi, granola)",,no match,,
energy.bar,Energy bars,frequency,energy bar; protein bar,,"Sweets, Baked Goods, Miscellaneous",1,"Energy / high protein bars (Clif, Quest, RXbar)",100.0,,,
diet.drk,"Diet nutrion Drinks (Slimfast, ...)",frequency,meal replacement shake,,"Sweets, Baked Goods, Miscellaneous",1,Diet nutrition drinks (SlimFast),96.0,,check,e.g. SlimFast; check FNDDS wording
meal.rpl.drk,Ensure,frequency,nutritional shake,,"Sweets, Baked Goods, Miscellaneous",1,Ensure / Boost / meal replacement drinks,100.0,,check,Ensure; check FNDDS wording
pretzel,Pretzels,frequency,pretzels,,"Sweets, Baked Goods, Miscellaneous",Small bag or serving,Pretzels,100.0,,,
nuts,Peanuts,frequency,peanuts,,"Sweets, Baked Goods, Miscellaneous",Small packet or 1 oz,Peanuts,100.0,,,
walnuts,Walnuts,frequency,walnuts,,"Sweets, Baked Goods, Miscellaneous",1 oz,Walnuts,100.0,,,
oth.nuts,Other nuts,frequency,almonds; cashews; mixed nuts,,"Sweets, Baked Goods, Miscellaneous",Small packet or 1 oz,Other nuts,100.0,,,
dr.cranb,Dried cranberries,frequency,dried cranberries,,"Sweets, Baked Goods, Miscellaneous",1/4 cup,Dried cranberries,100.0,,,
mix.dr.frt,Mixed dried fruits,frequency,mixed dried fruit,,"Sweets, Baked Goods, Miscellaneous",1/4 cup,Mixed dried fruit,97.0,,,
oth.bran,Oat bran / Other Bran,frequency,oat bran; wheat bran,,"Sweets, Baked Goods, Miscellaneous",1 Tbsp,Oat bran / wheat bran added to food,,no match,,
chowder,Chowder or cream soup,frequency,clam chowder; cream soup,,"Sweets, Baked Goods, Miscellaneous",1 cup,Chowder or cream soup,100.0,,,
tom.soup,Tomato soup,frequency,tomato soup,,"Sweets, Baked Goods, Miscellaneous",1 cup,Tomato soup,100.0,,,
catsup,Ketchup,frequency,ketchup,,"Sweets, Baked Goods, Miscellaneous",1 Tbsp,Ketchup or chili sauce,100.0,,,
flax,Flaxseed,frequency,flaxseed,,"Sweets, Baked Goods, Miscellaneous",1 Tbsp,Flaxseed,100.0,,,
seeds,"Seeds: Pumpkin,sunflower",frequency,pumpkin seeds; sunflower seeds,,"Sweets, Baked Goods, Miscellaneous",1/4 cup,"Seeds (pumpkin, sunflower, etc.)",100.0,,,
garlic2,Garlic,frequency,garlic,,"Sweets, Baked Goods, Miscellaneous",1 clove or 4 shakes,Garlic (fresh or powdered),100.0,,,
olives,"Olives, any type",frequency,olives,,"Sweets, Baked Goods, Miscellaneous",3,Olives (any type),100.0,,,
olive.oil,Olive oil added to food or bread,frequency,olive oil,,"Sweets, Baked Goods, Miscellaneous",1 Tbsp,Olive oil added to food or bread,100.0,,,
mayo.d,Low fat or olive oil mayonnaise,frequency,light mayonnaise; olive oil mayonnaise,,"Sweets, Baked Goods, Miscellaneous",1 Tbsp,Low-fat or olive oil mayonnaise,100.0,,,
mayo,Mayonnaise,frequency,mayonnaise,light,"Sweets, Baked Goods, Miscellaneous",1 Tbsp,Regular mayonnaise,100.0,,,
o.v,Salad dressing,frequency,salad dressing,,"Sweets, Baked Goods, Miscellaneous",1–2 Tbsp,Salad dressing,100.0,,,
dress.nofat,"Salad dressing type, nonfat",type,,,,,,,,,
dress.lofat,"Salad dressing type, lofat",type,,,,,,,,,
dress.olive,"Salad dressing type, olive",type,,,,,,,,,
dress.other,"Salad dressing type,  regular",type,,,,,,,,,
dress.pt,"Salad dressing type, passthru",passthru,,,,,,,,,
artif.sweet,Artificial sweeteners,frequency,sugar substitute,,"Sweets, Baked Goods, Miscellaneous",1 packet,Artificial sweeteners,100.0,,,
as.sp,"Type of art sweetener, Splenda",type,,,,,,,,,
as.eq,"Type of art sweetener, Equal",type,,,,,,,,,
as.ns,"Type of art sweetener, NutraSweet",type,,,,,,,,,
as.sl,"Type of art sweetener, Sweet N Low",type,,,,,,,,,
as.tr,"Type of art sweetener, Truvia",type,,,,,,,,,
